-- --------------------------------------------------------
-- Sunucu:                       127.0.0.1
-- Sunucu sürümü:                10.4.32-MariaDB - mariadb.org binary distribution
-- Sunucu İşletim Sistemi:       Win64
-- HeidiSQL Sürüm:               12.8.0.6908
-- --------------------------------------------------------

/*!40101 SET @OLD_CHARACTER_SET_CLIENT=@@CHARACTER_SET_CLIENT */;
/*!40101 SET NAMES utf8 */;
/*!50503 SET NAMES utf8mb4 */;
/*!40103 SET @OLD_TIME_ZONE=@@TIME_ZONE */;
/*!40103 SET TIME_ZONE='+00:00' */;
/*!40014 SET @OLD_FOREIGN_KEY_CHECKS=@@FOREIGN_KEY_CHECKS, FOREIGN_KEY_CHECKS=0 */;
/*!40101 SET @OLD_SQL_MODE=@@SQL_MODE, SQL_MODE='NO_AUTO_VALUE_ON_ZERO' */;
/*!40111 SET @OLD_SQL_NOTES=@@SQL_NOTES, SQL_NOTES=0 */;


-- mbeyazil_puantoryeni için veritabanı yapısı dökülüyor
CREATE DATABASE IF NOT EXISTS `mbeyazil_puantoryeni` /*!40100 DEFAULT CHARACTER SET latin5 COLLATE latin5_turkish_ci */;
USE `mbeyazil_puantoryeni`;

-- tablo yapısı dökülüyor mbeyazil_puantoryeni.auths
DROP TABLE IF EXISTS `auths`;
CREATE TABLE IF NOT EXISTS `auths` (
  `id` tinyint(4) NOT NULL AUTO_INCREMENT,
  `title` varchar(60) NOT NULL,
  `auth_name` varchar(60) DEFAULT NULL,
  `description` varchar(255) DEFAULT NULL,
  `parent_id` tinyint(4) DEFAULT NULL,
  `is_active` tinyint(4) DEFAULT 1,
  PRIMARY KEY (`id`)
) ENGINE=InnoDB AUTO_INCREMENT=100 DEFAULT CHARSET=latin5 COLLATE=latin5_turkish_ci;

-- mbeyazil_puantoryeni.auths: ~61 rows (yaklaşık) tablosu için veriler indiriliyor
DELETE FROM `auths`;
INSERT INTO `auths` (`id`, `title`, `auth_name`, `description`, `parent_id`, `is_active`) VALUES
	(1, 'Ana Sayfa', 'home_page', 'Ana sayfaya erişim yetkisi, kullanıcının sistemin ana arayüzüne ulaşmasını sağlar.', 0, 1),
	(2, 'Puantaj', 'attendance_page', 'Puantaj verilerine erişim ve yönetim yetkisi, çalışanların devam durumunu ve puantaj bilgilerini yönetme imkanı sunar.', 0, 1),
	(3, 'Bordro', 'payroll_page', 'Bordro verilerine erişim yetkisi, çalışan maaş bilgilerini ve bordro detaylarını görüntüleme yetkisini içerir.', 0, 1),
	(4, 'Personeller', 'personnel_page', 'Personeller listesini görüntüleme yetkisi, mevcut tüm personel bilgilerini ve durumlarını izlemeye imkan tanır.', 0, 1),
	(5, 'Projeler', 'projects_page', 'Projeler listesini görüntüleme yetkisi, tüm projeleri ve durumlarını incelemeye olanak sağlar.', 0, 1),
	(6, 'Firmalar', 'company_page', 'Firmalar listesini görüntüleme yetkisi, kullanıcıların mevcut firmaları görüntülemesine olanak tanır.', 0, 1),
	(7, 'Finans', 'finance_page', 'Finansal verilere erişim yetkisi, tüm finansal işlemleri ve raporları görüntüleme yetkisini kapsar.', 0, 1),
	(8, 'Firmalarım', 'my_companies_page', 'Kullanıcının firmalarını görüntüleme yetkisi, kullanıcıya ait firmaların detaylarını inceleme imkanı sunar.', 0, 1),
	(9, 'Tanımlamalar', 'definitions_page', 'Tanımlama işlemlerine erişim yetkisi, sistemdeki tanımlamaları görüntüleme ve düzenleme imkanı tanır.', 0, 1),
	(10, 'Görev Yönetimi', 'task_management_page', 'Görev yönetimi sayfasına erişim yetkisi, görevlerin izlenmesi ve yönetilmesi için gerekli yetkileri içerir.', 0, 1),
	(11, 'Kullanıcılar', 'user_page', 'Kullanıcılar listesini görüntüleme yetkisi, tüm kullanıcıların listesini görmeyi sağlar.', 0, 1),
	(12, 'Ayarlar', 'settings_page', 'Ayarlar sayfasına erişim yetkisi, sistem ayarlarını görüntüleme ve düzenleme yetkisini kapsar.', 0, 1),
	(13, 'boş menu', '', '', 0, 0),
	(14, 'boş menu', '', '', 0, 0),
	(15, 'boş menu', '', '', 0, 0),
	(16, 'boş menu', '', '', 0, 0),
	(17, 'boş menu', '', '', 0, 0),
	(18, 'Kullanıcı EkleGüncelle', 'user_add_update', 'Kullanıcı ekleme ve güncelleme yetkisi, yeni kullanıcılar oluşturma veya mevcut kullanıcıların bilgilerini düzenleme imkanı tanır.', 11, 1),
	(19, 'Kullanıcı Listesi', 'user_list_view', 'Kullanıcı listesini görüntüleme yetkisi, kullanıcıların durumunu ve bilgilerini izlemeye yarar.', 11, 1),
	(20, 'Yetki Grupları', 'permission_groups', 'Yetki gruplarını yönetme yetkisi, kullanıcıların yetkilerini gruplandırarak daha iyi yönetimini sağlar.', 11, 1),
	(21, 'İşlem Yetkileri', 'transaction_permissions', 'İşlem yetkilerini yönetme yetkisi, sistemdeki işlem izinlerini ayarlamaya olanak tanır.', 11, 1),
	(22, 'Yetki Grubu Ekle/Güncelle', 'permission_group_add_update', 'Yeni yetki grubu ekleme ve güncelleme yetkisi, organizasyondaki yetki gruplarını güncellemeye ve yeni gruplar oluşturmaya imkan verir.', 11, 1),
	(23, 'Kasa Listesi', 'cash_register_list', 'Kasa listesini görüntüleme yetkisi, mevcut kasa işlemlerini ve bakiye durumunu incelemeye olanak tanır.', 7, 1),
	(24, 'Kasa Ekle/Güncelleme', 'cash_register_add_update', 'Kasa ekleme ve güncelleme yetkisi, yeni kasa işlemleri oluşturma ve mevcut kasaları güncelleme imkanı sunar.', 85, 1),
	(25, 'Gelir-Gider İşlemleri', 'income_expense_operations', 'Gelir-gider işlemlerine erişim yetkisi, finansal işlemleri kaydetme ve düzenleme yetkisini içerir.', 0, 1),
	(26, 'Gelir-Gider Türü Tanımlama', 'income_expense_type_definition', 'Gelir-gider türlerini tanımlama yetkisi, yeni gelir ve gider türleri oluşturma ve mevcut türleri düzenleme imkanı sunar.', 9, 1),
	(27, 'Gelir-Gider Türü Ekle/Güncelle', 'income_expense_type_add_update', 'Gelir-gider türü ekleme ve güncelleme yetkisi, yeni gelir-gider türleri oluşturma ve mevcut türleri güncelleyebilme yetkisini kapsar.', 9, 1),
	(28, 'Personel Ekle/Güncelle', 'personnel_add_update', 'Personel ekleme ve güncelleme yetkisi, yeni personel ekleme ve mevcut personel bilgilerinin güncellenmesi işlemlerini kapsar.', 4, 1),
	(29, 'Firma Ekle/Güncelle', 'company_add_update', 'Firma ekleme ve güncelleme yetkisi, yeni firmalar oluşturma ve mevcut firmaların bilgilerini güncelleyebilme yetkisini kapsar.', 6, 1),
	(30, 'Firmalarım Ekle/Düzenle', 'company_add_edit', 'Firmaları ekleme ve düzenleme yetkisi, yeni firmalar oluşturma veya mevcut firmaları düzenleme yetkisini içerir.', 8, 1),
	(31, 'Proje Ekle/Güncelle', 'project_add_update', 'Proje ekleme ve güncelleme yetkisi, yeni projeler oluşturma ve mevcut projelerin detaylarını düzenleme imkanı sunar.', 5, 1),
	(32, 'Görev Listesi', 'task_list_page', 'Görev listesini görüntüleme yetkisi, tüm görevleri ve durumlarını izleme imkanı sunar.', 10, 1),
	(33, 'Görevlerim', 'my_tasks_page', 'Kullanıcının görevlerini görüntüleme yetkisi, kullanıcıya ait görevlerin durumunu inceleme imkanı sağlar.', 10, 1),
	(34, 'Verdiğim Görevler', 'tasks_assigned_to_me', 'Kullanıcının verdiği görevleri görüntüleme yetkisi, atanan görevlerin takibi için gerekli erişimi sağlar.', 10, 1),
	(35, 'Görev Başlıkları', 'task_titles_page', 'Görev başlıklarını görüntüleme yetkisi, mevcut görev başlıklarını inceleme imkanı sunar.', 10, 1),
	(36, 'Görev Başlıkları Ekle/Güncelle', 'task_titles_add_update', 'Görev başlıkları ekleme ve güncelleme yetkisi, yeni görev başlıkları oluşturma ve mevcut başlıkları düzenleme imkanı sağlar.', 10, 1),
	(37, 'Görev Ekle/Güncelle', 'task_add_update', 'Görev ekleme ve güncelleme', 10, 1),
	(38, 'Görevleri Görüntüle', 'home_page_mission_view', 'Ana Sayfadaki görevleri görüntüleme yetkisi', 1, 1),
	(39, 'Puantaj Kayıt İşlemleri', 'puantaj_data_entry', 'Bu yetki, kullanıcıların puantaj verilerini girmesine ve güncellemesine olanak tanır.', 2, 1),
	(78, 'Kasa Silme', 'cash_delete', 'Kasayı tüm işlemleri ile beraber silme yetkisi verir!!!!.', 85, 1),
	(79, 'Bordoyu ve Banka Listesini Excele Aktar', 'payroll_export_excel', 'Bordro dönemindeki personellerive banka listesini excele aktarma yetkisi ', 3, 1),
	(80, 'Ücretleri Güncelle', 'update_fees_permission', 'Bu yetki, kullanıcıların mevcut ücret bilgilerini güncelleyebilmesini sağlar. Ücret değişiklikleri ve düzenlemeleri yapma yetkisi verir.', 3, 1),
	(81, 'Ödeme Yükle', 'upload_payment_permission', 'Bu yetki, kullanıcıların ödeme bilgilerini sisteme yükleyebilmesini sağlar. Yeni ödemelerin eklenmesi ve mevcut ödemelerin güncellenmesi içi', 3, 1),
	(82, 'Yetki Grubu Silme', 'permission_group_delete', 'Bu yetki rol grubunu silme yetkisi verir', 11, 1),
	(83, 'İş Grubu Tanımlama', 'job_groups_list', 'İş Grubu listesini görüntüleme yetklisi verir', 9, 1),
	(84, 'İş Grubu Ekle/Güncelle', 'job_groups_add_update', 'İş Grubu ekleme ve güncelleme yetkisi verir.', 9, 1),
	(85, 'Kasa İşlemleri', 'cash_operations', 'Bu yetki, kullanıcıların kasa işlemlerini gerçekleştirebilmesini sağlar. Nakit girişleri, çıkışları ve kasa düzenlemeleri gibi işlemleri yapma yetkisi verir', 0, 1),
	(86, 'Projeden Ödeme Al', 'receive_payment_from_project', 'Bu yetki, kullanıcıların projeden ödeme alabilmesini sağlar. Projeye bağlı finansal işlemleri yönetme ve ödeme alma yetkisi verir.', 25, 1),
	(87, 'Personel Ödemesi Yap', 'make_staff_payment', 'Bu yetki, kullanıcıların personel ödemelerini gerçekleştirebilmesini sağlar. Çalışan maaşları ve diğer finansal tazminatların ödenmesi için gereklidir.', 25, 1),
	(88, 'Firma Ödemesi Yap', 'make_company_payment', 'Bu yetki, kullanıcıların firmaya yönelik ödemeleri gerçekleştirebilmesini sağlar. Tedarikçi ödemeleri ve diğer finansal yükümlülüklerin yerine getirilmesi için gereklidir.', 25, 1),
	(89, 'Alınan Proje Masraf Ekle', 'add_project_expense', 'Bu yetki, kullanıcıların alınan projeye masraf ekleyebilmesini sağlar. Proje bütçesi yönetimi ve giderlerin kaydedilmesi için gereklidir.', 25, 1),
	(90, 'Gelir Gider Ekle', 'income_expense_add_update', 'Bu yetki, kullanıcıların gelir ve gider kalemlerini sisteme ekleme ve güncelleme yapabilmesini sağlar. Finansal kayıtların düzenlenmesi ve bütçe takibi için gereklidir.', 25, 1),
	(91, 'Gelir Gider Silme', 'delete_income_expense', 'Bu yetki, kullanıcıların gelir ve gider kalemlerini sistemden silmesine olanak tanır. Finansal kayıtların güncellenmesi ve gereksiz kalemlerin kaldırılması için gereklidir.', 25, 1),
	(92, 'Personel Sayfası Gelir Gider Bilgileri ', 'person_page_income_expence_info', 'Personel detay sayfasında personelin gelir gider bilgilerini görüntüleme yetkisi verir', 4, 1),
	(93, 'Personel Sayfası Puantaj Bilgileri', 'person_page_puantaj_info', 'Personel detay sayfasında personelin çalışma bilgilerini görüntüleme yetkisi verir', 4, 1),
	(94, 'Personel Sayfası Ücret Tanımları Bilgileri', 'person_page_wage_defines_info', 'Personel detay sayfasında personelin ücret tanımlama bilgilerini görüntüleme yetkisi verir', 4, 1),
	(95, 'Günlük Çalışma Saatini Düzenleme', 'daily_working_hours_edit', 'Bu yetki, kullanıcıların çalışanların veya belirli çalışma programlarının günlük çalışma saatlerini düzenleme veya değiştirme yetkisine sahip olmalarını sağlar', 12, 1),
	(96, 'Personel Ödemesi Sil', 'delete_staf_payment', 'Bu yetki personeller yapılan ödemeleri silme yetkisi verir.', 25, 1),
	(97, 'Personel Kesinti İşlemleri', 'wage_cut_add_update', 'Bu yetkisi personele kesinti ekleme ve güncelleme yetkisi verir', NULL, 1),
	(98, 'Personel Kesinti Silme', 'wage_cut_delete', 'Bu yetkisi personele eklenen kesintiyi silme yetkisi verir', NULL, 1),
	(99, 'Personel Gelir İşlemleri', 'in', NULL, NULL, 1);

-- tablo yapısı dökülüyor mbeyazil_puantoryeni.cases
DROP TABLE IF EXISTS `cases`;
CREATE TABLE IF NOT EXISTS `cases` (
  `id` int(11) NOT NULL AUTO_INCREMENT,
  `account_id` int(11) NOT NULL DEFAULT 0,
  `firm_id` int(11) DEFAULT NULL,
  `start_budget` decimal(10,2) DEFAULT NULL,
  `case_name` varchar(255) DEFAULT NULL,
  `bank_name` varchar(255) DEFAULT NULL,
  `branch_name` varchar(255) DEFAULT NULL,
  `description` text DEFAULT NULL,
  `case_money_unit` varchar(10) DEFAULT NULL,
  `isDefault` int(11) DEFAULT NULL,
  PRIMARY KEY (`id`)
) ENGINE=InnoDB AUTO_INCREMENT=89 DEFAULT CHARSET=utf8mb4 COLLATE=utf8mb4_general_ci;

-- mbeyazil_puantoryeni.cases: ~2 rows (yaklaşık) tablosu için veriler indiriliyor
DELETE FROM `cases`;
INSERT INTO `cases` (`id`, `account_id`, `firm_id`, `start_budget`, `case_name`, `bank_name`, `branch_name`, `description`, `case_money_unit`, `isDefault`) VALUES
	(87, 10, 11, 10000.00, 'TL KASASI', 'Akbank', 'Ankara', '', '1', 1),
	(88, 10, 11, 10000.00, 'DOLAR KASASI', 'Garanti Bankası', 'Ankara', '', '1', 0);

-- tablo yapısı dökülüyor mbeyazil_puantoryeni.case_transactions
DROP TABLE IF EXISTS `case_transactions`;
CREATE TABLE IF NOT EXISTS `case_transactions` (
  `id` int(100) NOT NULL AUTO_INCREMENT,
  `type_id` int(100) NOT NULL,
  `date` varchar(10) NOT NULL,
  `case_id` int(100) NOT NULL,
  `sub_type` int(100) NOT NULL,
  `amount` double NOT NULL DEFAULT 0,
  `amount_money` int(11) DEFAULT NULL,
  `account_name` varchar(255) DEFAULT NULL,
  `description` varchar(255) DEFAULT NULL,
  `created_at` varchar(30) NOT NULL DEFAULT current_timestamp(),
  `updated_at` varchar(30) DEFAULT NULL,
  `company_id` int(100) DEFAULT NULL,
  PRIMARY KEY (`id`)
) ENGINE=InnoDB AUTO_INCREMENT=168 DEFAULT CHARSET=utf8mb4 COLLATE=utf8mb4_general_ci;

-- mbeyazil_puantoryeni.case_transactions: ~4 rows (yaklaşık) tablosu için veriler indiriliyor
DELETE FROM `case_transactions`;
INSERT INTO `case_transactions` (`id`, `type_id`, `date`, `case_id`, `sub_type`, `amount`, `amount_money`, `account_name`, `description`, `created_at`, `updated_at`, `company_id`) VALUES
	(164, 1, '2024-10-29', 87, 0, 1250, 1, NULL, '', '2024-10-29 17:42:31', NULL, NULL),
	(165, 1, '2024-10-29', 88, 0, 8500, 1, NULL, '', '2024-10-29 17:42:50', NULL, NULL),
	(166, 1, '2024-10-29', 87, 0, 1250, 1, NULL, '', '2024-10-29 17:42:31', NULL, NULL),
	(167, 2, '2024-10-29', 87, 0, 1250, 1, NULL, '', '2024-10-29 17:42:31', NULL, NULL);

-- tablo yapısı dökülüyor mbeyazil_puantoryeni.cgroups
DROP TABLE IF EXISTS `cgroups`;
CREATE TABLE IF NOT EXISTS `cgroups` (
  `id` int(11) NOT NULL AUTO_INCREMENT,
  `title` varchar(155) NOT NULL,
  `regdate` timestamp NOT NULL DEFAULT current_timestamp(),
  `statu` int(11) NOT NULL,
  PRIMARY KEY (`id`)
) ENGINE=MyISAM AUTO_INCREMENT=104 DEFAULT CHARSET=utf8 COLLATE=utf8_general_ci;

-- mbeyazil_puantoryeni.cgroups: 10 rows tablosu için veriler indiriliyor
DELETE FROM `cgroups`;
/*!40000 ALTER TABLE `cgroups` DISABLE KEYS */;
INSERT INTO `cgroups` (`id`, `title`, `regdate`, `statu`) VALUES
	(1, 'Müşteri', '2024-01-24 14:15:23', 1),
	(4, 'Temizlik Şirketi', '2023-12-11 12:28:05', 2),
	(6, 'Hastane Hizmetleri', '2023-12-23 14:32:55', 2),
	(97, 'şirket işlemleri', '2023-12-31 21:00:00', 2),
	(102, 'TEKSTİL ', '2024-01-31 21:00:00', 2),
	(2, 'Tedarikçi', '2024-01-24 14:15:23', 1),
	(100, 'Temizlik', '2024-01-23 21:00:00', 2),
	(101, 'Lojistik', '2024-01-23 21:00:00', 2),
	(3, 'Müşteri+Tedarikçi', '2024-01-24 14:15:23', 1),
	(103, 'ELEKTRONİK', '2024-01-31 21:00:00', 2);
/*!40000 ALTER TABLE `cgroups` ENABLE KEYS */;

-- tablo yapısı dökülüyor mbeyazil_puantoryeni.companies
DROP TABLE IF EXISTS `companies`;
CREATE TABLE IF NOT EXISTS `companies` (
  `id` int(11) NOT NULL AUTO_INCREMENT,
  `grp` int(11) DEFAULT NULL,
  `user_id` int(11) DEFAULT NULL,
  `company_name` varchar(100) DEFAULT NULL,
  `yetkili` varchar(255) DEFAULT NULL,
  `phone` varchar(155) DEFAULT NULL,
  `email` varchar(255) DEFAULT NULL,
  `city` int(11) DEFAULT NULL,
  `town` varchar(100) DEFAULT NULL,
  `address` varchar(250) DEFAULT NULL,
  `tax_number` varchar(100) DEFAULT NULL,
  `account_number` varchar(50) DEFAULT NULL,
  `created_at` timestamp NULL DEFAULT current_timestamp(),
  `creativer` int(11) DEFAULT NULL,
  `OdemeVade` varchar(10) DEFAULT NULL,
  `description` varchar(255) NOT NULL,
  `updater` int(10) NOT NULL,
  `updated_at` varchar(30) NOT NULL,
  PRIMARY KEY (`id`)
) ENGINE=MyISAM AUTO_INCREMENT=108 DEFAULT CHARSET=utf32 COLLATE=utf32_turkish_ci;

-- mbeyazil_puantoryeni.companies: 1 rows tablosu için veriler indiriliyor
DELETE FROM `companies`;
/*!40000 ALTER TABLE `companies` DISABLE KEYS */;
INSERT INTO `companies` (`id`, `grp`, `user_id`, `company_name`, `yetkili`, `phone`, `email`, `city`, `town`, `address`, `tax_number`, `account_number`, `created_at`, `creativer`, `OdemeVade`, `description`, `updater`, `updated_at`) VALUES
	(107, NULL, 10, 'Karaca İnşaat', '', '', '', 0, '', '', '', '', '2024-10-29 17:31:30', NULL, NULL, '', 0, '');
/*!40000 ALTER TABLE `companies` ENABLE KEYS */;

-- tablo yapısı dökülüyor mbeyazil_puantoryeni.defines
DROP TABLE IF EXISTS `defines`;
CREATE TABLE IF NOT EXISTS `defines` (
  `id` int(11) NOT NULL AUTO_INCREMENT,
  `user_id` int(11) NOT NULL DEFAULT 0,
  `type_id` int(2) NOT NULL DEFAULT 0,
  `firm_id` int(11) NOT NULL DEFAULT 0,
  `name` varchar(50) NOT NULL DEFAULT '0',
  `sub_type` int(1) DEFAULT 0,
  `description` varchar(30) DEFAULT NULL,
  `created_at` varchar(20) DEFAULT current_timestamp(),
  PRIMARY KEY (`id`)
) ENGINE=InnoDB AUTO_INCREMENT=23 DEFAULT CHARSET=latin5 COLLATE=latin5_turkish_ci;

-- mbeyazil_puantoryeni.defines: ~1 rows (yaklaşık) tablosu için veriler indiriliyor
DELETE FROM `defines`;
INSERT INTO `defines` (`id`, `user_id`, `type_id`, `firm_id`, `name`, `sub_type`, `description`, `created_at`) VALUES
	(22, 10, 2, 11, 'Gelir', 0, '', '2024-11-01 08:29:22');

-- tablo yapısı dökülüyor mbeyazil_puantoryeni.define_numbers
DROP TABLE IF EXISTS `define_numbers`;
CREATE TABLE IF NOT EXISTS `define_numbers` (
  `id` int(11) NOT NULL AUTO_INCREMENT,
  `ysc` int(20) NOT NULL,
  `hst` int(20) NOT NULL,
  `met` int(20) NOT NULL,
  `yas` int(20) NOT NULL,
  `purchase` int(20) NOT NULL,
  `purchase_demand` int(20) NOT NULL,
  `aas` int(11) NOT NULL,
  `oys` int(11) NOT NULL,
  `offer` int(255) DEFAULT NULL,
  `service` int(255) NOT NULL,
  PRIMARY KEY (`id`)
) ENGINE=MyISAM AUTO_INCREMENT=2 DEFAULT CHARSET=utf32 COLLATE=utf32_turkish_ci;

-- mbeyazil_puantoryeni.define_numbers: 1 rows tablosu için veriler indiriliyor
DELETE FROM `define_numbers`;
/*!40000 ALTER TABLE `define_numbers` DISABLE KEYS */;
INSERT INTO `define_numbers` (`id`, `ysc`, `hst`, `met`, `yas`, `purchase`, `purchase_demand`, `aas`, `oys`, `offer`, `service`) VALUES
	(1, 39, 1, 1, 1, 33, 4, 1, 1, 9, 2);
/*!40000 ALTER TABLE `define_numbers` ENABLE KEYS */;

-- tablo yapısı dökülüyor mbeyazil_puantoryeni.feedback
DROP TABLE IF EXISTS `feedback`;
CREATE TABLE IF NOT EXISTS `feedback` (
  `id` int(11) NOT NULL AUTO_INCREMENT,
  `firm_id` int(11) NOT NULL DEFAULT 0,
  `user_id` int(11) NOT NULL DEFAULT 0,
  `subject` varchar(50) NOT NULL DEFAULT '0',
  `message` varchar(1000) NOT NULL DEFAULT '0',
  `status` int(11) NOT NULL DEFAULT 0,
  `created_at` varchar(20) NOT NULL DEFAULT current_timestamp(),
  PRIMARY KEY (`id`)
) ENGINE=InnoDB AUTO_INCREMENT=7 DEFAULT CHARSET=latin5 COLLATE=latin5_turkish_ci;

-- mbeyazil_puantoryeni.feedback: ~0 rows (yaklaşık) tablosu için veriler indiriliyor
DELETE FROM `feedback`;

-- tablo yapısı dökülüyor mbeyazil_puantoryeni.il
DROP TABLE IF EXISTS `il`;
CREATE TABLE IF NOT EXISTS `il` (
  `id` tinyint(4) NOT NULL DEFAULT 0,
  `city_name` varchar(20) NOT NULL,
  PRIMARY KEY (`id`),
  FULLTEXT KEY `ad` (`city_name`)
) ENGINE=MyISAM DEFAULT CHARSET=utf8 COLLATE=utf8_general_ci;

-- mbeyazil_puantoryeni.il: 81 rows tablosu için veriler indiriliyor
DELETE FROM `il`;
/*!40000 ALTER TABLE `il` DISABLE KEYS */;
INSERT INTO `il` (`id`, `city_name`) VALUES
	(1, 'Adana'),
	(2, 'Adıyaman'),
	(3, 'Afyonkarahisar'),
	(4, 'Ağrı'),
	(5, 'Amasya'),
	(6, 'Ankara'),
	(7, 'Antalya'),
	(8, 'Artvin'),
	(9, 'Aydın'),
	(10, 'Balıkesir'),
	(11, 'Bilecik'),
	(12, 'Bingöl'),
	(13, 'Bitlis'),
	(14, 'Bolu'),
	(15, 'Burdur'),
	(16, 'Bursa'),
	(17, 'Çanakkale'),
	(18, 'Çankırı'),
	(19, 'Çorum'),
	(20, 'Denizli'),
	(21, 'Diyarbakır'),
	(22, 'Edirne'),
	(23, 'Elazığ'),
	(24, 'Erzincan'),
	(25, 'Erzurum'),
	(26, 'Eskişehir'),
	(27, 'Gaziantep'),
	(28, 'Giresun'),
	(29, 'Gümüşhane'),
	(30, 'Hakkari'),
	(31, 'Hatay'),
	(32, 'Isparta'),
	(33, 'Mersin(İçel)'),
	(34, 'İstanbul'),
	(35, 'İzmir'),
	(36, 'Kars'),
	(37, 'Kastamonu'),
	(38, 'Kayseri'),
	(39, 'Kırklareli'),
	(40, 'Kırşehir'),
	(41, 'Kocaeli'),
	(42, 'Konya'),
	(43, 'Kütahya'),
	(44, 'Malatya'),
	(45, 'Manisa'),
	(46, 'Kahramanmaraş'),
	(47, 'Mardin'),
	(48, 'Muğla'),
	(49, 'Muş'),
	(50, 'Nevşehir'),
	(51, 'Niğde'),
	(52, 'Ordu'),
	(53, 'Rize'),
	(54, 'Sakarya'),
	(55, 'Samsun'),
	(56, 'Siirt'),
	(57, 'Sinop'),
	(58, 'Sivas'),
	(59, 'Tekirdağ'),
	(60, 'Tokat'),
	(61, 'Trabzon'),
	(62, 'Tunceli'),
	(63, 'Şanlıurfa'),
	(64, 'Uşak'),
	(65, 'Van'),
	(66, 'Yozgat'),
	(67, 'Zonguldak'),
	(68, 'Aksaray'),
	(69, 'Bayburt'),
	(70, 'Karaman'),
	(71, 'Kırıkkale'),
	(72, 'Batman'),
	(73, 'Şırnak'),
	(74, 'Bartın'),
	(75, 'Ardahan'),
	(76, 'Iğdır'),
	(77, 'Yalova'),
	(78, 'Karabük'),
	(79, 'Kilis'),
	(80, 'Osmaniye'),
	(81, 'Düzce');
/*!40000 ALTER TABLE `il` ENABLE KEYS */;

-- tablo yapısı dökülüyor mbeyazil_puantoryeni.ilce
DROP TABLE IF EXISTS `ilce`;
CREATE TABLE IF NOT EXISTS `ilce` (
  `id` int(4) NOT NULL AUTO_INCREMENT,
  `il_id` tinyint(4) NOT NULL,
  `ilce_adi` varchar(20) NOT NULL,
  PRIMARY KEY (`id`)
) ENGINE=MyISAM AUTO_INCREMENT=959 DEFAULT CHARSET=utf8 COLLATE=utf8_general_ci;

-- mbeyazil_puantoryeni.ilce: 958 rows tablosu için veriler indiriliyor
DELETE FROM `ilce`;
/*!40000 ALTER TABLE `ilce` DISABLE KEYS */;
INSERT INTO `ilce` (`id`, `il_id`, `ilce_adi`) VALUES
	(1, 1, 'Aladağ(Karsantı)'),
	(2, 1, 'Ceyhan'),
	(3, 1, 'Çukurova'),
	(4, 1, 'Feke'),
	(5, 1, 'İmamoğlu'),
	(6, 1, 'Karaisalı'),
	(7, 1, 'Karataş'),
	(8, 1, 'Kozan'),
	(9, 1, 'Pozantı'),
	(10, 1, 'Saimbeyli'),
	(11, 1, 'Sarıçam'),
	(12, 1, 'Seyhan'),
	(13, 1, 'Tufanbeyli'),
	(14, 1, 'Yumurtalık'),
	(15, 1, 'Yüreğir'),
	(16, 2, 'Adıyaman'),
	(17, 2, 'Besni'),
	(18, 2, 'Çelikhan'),
	(19, 2, 'Gerger'),
	(20, 2, 'Gölbaşı'),
	(21, 2, 'Kahta'),
	(22, 2, 'Samsat'),
	(23, 2, 'Sincik'),
	(24, 2, 'Tut'),
	(25, 3, 'Afyonkarahisar'),
	(26, 3, 'Başmakçı'),
	(27, 3, 'Bayat'),
	(28, 3, 'Bolvadin'),
	(29, 3, 'Çay'),
	(30, 3, 'Çobanlar'),
	(31, 3, 'Dazkırı'),
	(32, 3, 'Dinar'),
	(33, 3, 'Emirdağ'),
	(34, 3, 'Evciler'),
	(35, 3, 'Hocalar'),
	(36, 3, 'İhsaniye'),
	(37, 3, 'İscehisar'),
	(38, 3, 'Kızılören'),
	(39, 3, 'Sandıklı'),
	(40, 3, 'Sincanlı(Sinanpaşa)'),
	(41, 3, 'Sultandağı'),
	(42, 3, 'Şuhut'),
	(43, 4, 'Ağrı'),
	(44, 4, 'Diyadin'),
	(45, 4, 'Doğubeyazıt'),
	(46, 4, 'Eleşkirt'),
	(47, 4, 'Hamur'),
	(48, 4, 'Patnos'),
	(49, 4, 'Taşlıçay'),
	(50, 4, 'Tutak'),
	(51, 5, 'Amasya'),
	(52, 5, 'Göynücek'),
	(53, 5, 'Gümüşhacıköy'),
	(54, 5, 'Hamamözü'),
	(55, 5, 'Merzifon'),
	(56, 5, 'Suluova'),
	(57, 5, 'Taşova'),
	(58, 6, 'Akyurt'),
	(59, 6, 'Altındağ'),
	(60, 6, 'Ayaş'),
	(61, 6, 'Bala'),
	(62, 6, 'Beypazarı'),
	(63, 6, 'Çamlıdere'),
	(64, 6, 'Çankaya'),
	(65, 6, 'Çubuk'),
	(66, 6, 'Elmadağ'),
	(67, 6, 'Etimesgut'),
	(68, 6, 'Evren'),
	(69, 6, 'Gölbaşı'),
	(70, 6, 'Güdül'),
	(71, 6, 'Haymana'),
	(72, 6, 'Kalecik'),
	(73, 6, 'Kazan'),
	(74, 6, 'Keçiören'),
	(75, 6, 'Kızılcahamam'),
	(76, 6, 'Mamak'),
	(77, 6, 'Nallıhan'),
	(78, 6, 'Polatlı'),
	(79, 6, 'Pursaklar'),
	(80, 6, 'Sincan'),
	(81, 6, 'Şereflikoçhisar'),
	(82, 6, 'Yenimahalle'),
	(83, 7, 'Akseki'),
	(84, 7, 'Aksu'),
	(85, 7, 'Alanya'),
	(86, 7, 'Döşemealtı'),
	(87, 7, 'Elmalı'),
	(88, 7, 'Finike'),
	(89, 7, 'Gazipaşa'),
	(90, 7, 'Gündoğmuş'),
	(91, 7, 'İbradı(Aydınkent)'),
	(92, 7, 'Kale(Demre)'),
	(93, 7, 'Kaş'),
	(94, 7, 'Kemer'),
	(95, 7, 'Kepez'),
	(96, 7, 'Konyaaltı'),
	(97, 7, 'Korkuteli'),
	(98, 7, 'Kumluca'),
	(99, 7, 'Manavgat'),
	(100, 7, 'Muratpaşa'),
	(101, 7, 'Serik'),
	(102, 8, 'Ardanuç'),
	(103, 8, 'Arhavi'),
	(104, 8, 'Artvin'),
	(105, 8, 'Borçka'),
	(106, 8, 'Hopa'),
	(107, 8, 'Murgul(Göktaş)'),
	(108, 8, 'Şavşat'),
	(109, 8, 'Yusufeli'),
	(110, 9, 'Aydın'),
	(111, 9, 'Bozdoğan'),
	(112, 9, 'Buharkent(Çubukdağı)'),
	(113, 9, 'Çine'),
	(114, 9, 'Didim(Yenihisar)'),
	(115, 9, 'Germencik'),
	(116, 9, 'İncirliova'),
	(117, 9, 'Karacasu'),
	(118, 9, 'Karpuzlu'),
	(119, 9, 'Koçarlı'),
	(120, 9, 'Köşk'),
	(121, 9, 'Kuşadası'),
	(122, 9, 'Kuyucak'),
	(123, 9, 'Nazilli'),
	(124, 9, 'Söke'),
	(125, 9, 'Sultanhisar'),
	(126, 9, 'Yenipazar'),
	(127, 10, 'Ayvalık'),
	(128, 10, 'Balıkesir'),
	(129, 10, 'Balya'),
	(130, 10, 'Bandırma'),
	(131, 10, 'Bigadiç'),
	(132, 10, 'Burhaniye'),
	(133, 10, 'Dursunbey'),
	(134, 10, 'Edremit'),
	(135, 10, 'Erdek'),
	(136, 10, 'Gömeç'),
	(137, 10, 'Gönen'),
	(138, 10, 'Havran'),
	(139, 10, 'İvrindi'),
	(140, 10, 'Kepsut'),
	(141, 10, 'Manyas'),
	(142, 10, 'Marmara'),
	(143, 10, 'Savaştepe'),
	(144, 10, 'Sındırgı'),
	(145, 10, 'Susurluk'),
	(146, 11, 'Bilecik'),
	(147, 11, 'Bozüyük'),
	(148, 11, 'Gölpazarı'),
	(149, 11, 'İnhisar'),
	(150, 11, 'Osmaneli'),
	(151, 11, 'Pazaryeri'),
	(152, 11, 'Söğüt'),
	(153, 11, 'Yenipazar'),
	(154, 12, 'Adaklı'),
	(155, 12, 'Bingöl'),
	(156, 12, 'Genç'),
	(157, 12, 'Karlıova'),
	(158, 12, 'Kığı'),
	(159, 12, 'Solhan'),
	(160, 12, 'Yayladere'),
	(161, 12, 'Yedisu'),
	(162, 13, 'Adilcevaz'),
	(163, 13, 'Ahlat'),
	(164, 13, 'Bitlis'),
	(165, 13, 'Güroymak'),
	(166, 13, 'Hizan'),
	(167, 13, 'Mutki'),
	(168, 13, 'Tatvan'),
	(169, 14, 'Bolu'),
	(170, 14, 'Dörtdivan'),
	(171, 14, 'Gerede'),
	(172, 14, 'Göynük'),
	(173, 14, 'Kıbrıscık'),
	(174, 14, 'Mengen'),
	(175, 14, 'Mudurnu'),
	(176, 14, 'Seben'),
	(177, 14, 'Yeniçağa'),
	(178, 15, 'Ağlasun'),
	(179, 15, 'Altınyayla(Dirmil)'),
	(180, 15, 'Bucak'),
	(181, 15, 'Burdur'),
	(182, 15, 'Çavdır'),
	(183, 15, 'Çeltikçi'),
	(184, 15, 'Gölhisar'),
	(185, 15, 'Karamanlı'),
	(186, 15, 'Kemer'),
	(187, 15, 'Tefenni'),
	(188, 15, 'Yeşilova'),
	(189, 16, 'Büyükorhan'),
	(190, 16, 'Gemlik'),
	(191, 16, 'Gürsu'),
	(192, 16, 'Harmancık'),
	(193, 16, 'İnegöl'),
	(194, 16, 'İznik'),
	(195, 16, 'Karacabey'),
	(196, 16, 'Keles'),
	(197, 16, 'Kestel'),
	(198, 16, 'Mudanya'),
	(199, 16, 'Mustafakemalpaşa'),
	(200, 16, 'Nilüfer'),
	(201, 16, 'Orhaneli'),
	(202, 16, 'Orhangazi'),
	(203, 16, 'Osmangazi'),
	(204, 16, 'Yenişehir'),
	(205, 16, 'Yıldırım'),
	(206, 17, 'Ayvacık'),
	(207, 17, 'Bayramiç'),
	(208, 17, 'Biga'),
	(209, 17, 'Bozcaada'),
	(210, 17, 'Çan'),
	(211, 17, 'Çanakkale'),
	(212, 17, 'Eceabat'),
	(213, 17, 'Ezine'),
	(214, 17, 'Gelibolu'),
	(215, 17, 'Gökçeada(İmroz)'),
	(216, 17, 'Lapseki'),
	(217, 17, 'Yenice'),
	(218, 18, 'Atkaracalar'),
	(219, 18, 'Bayramören'),
	(220, 18, 'Çankırı'),
	(221, 18, 'Çerkeş'),
	(222, 18, 'Eldivan'),
	(223, 18, 'Ilgaz'),
	(224, 18, 'Kızılırmak'),
	(225, 18, 'Korgun'),
	(226, 18, 'Kurşunlu'),
	(227, 18, 'Orta'),
	(228, 18, 'Şabanözü'),
	(229, 18, 'Yapraklı'),
	(230, 19, 'Alaca'),
	(231, 19, 'Bayat'),
	(232, 19, 'Boğazkale'),
	(233, 19, 'Çorum'),
	(234, 19, 'Dodurga'),
	(235, 19, 'İskilip'),
	(236, 19, 'Kargı'),
	(237, 19, 'Laçin'),
	(238, 19, 'Mecitözü'),
	(239, 19, 'Oğuzlar(Karaören)'),
	(240, 19, 'Ortaköy'),
	(241, 19, 'Osmancık'),
	(242, 19, 'Sungurlu'),
	(243, 19, 'Uğurludağ'),
	(244, 20, 'Acıpayam'),
	(245, 20, 'Akköy'),
	(246, 20, 'Babadağ'),
	(247, 20, 'Baklan'),
	(248, 20, 'Bekilli'),
	(249, 20, 'Beyağaç'),
	(250, 20, 'Bozkurt'),
	(251, 20, 'Buldan'),
	(252, 20, 'Çal'),
	(253, 20, 'Çameli'),
	(254, 20, 'Çardak'),
	(255, 20, 'Çivril'),
	(256, 20, 'Denizli'),
	(257, 20, 'Güney'),
	(258, 20, 'Honaz'),
	(259, 20, 'Kale'),
	(260, 20, 'Sarayköy'),
	(261, 20, 'Serinhisar'),
	(262, 20, 'Tavas'),
	(263, 21, 'Bağlar'),
	(264, 21, 'Bismil'),
	(265, 21, 'Çermik'),
	(266, 21, 'Çınar'),
	(267, 21, 'Çüngüş'),
	(268, 21, 'Dicle'),
	(269, 21, 'Eğil'),
	(270, 21, 'Ergani'),
	(271, 21, 'Hani'),
	(272, 21, 'Hazro'),
	(273, 21, 'Kayapınar'),
	(274, 21, 'Kocaköy'),
	(275, 21, 'Kulp'),
	(276, 21, 'Lice'),
	(277, 21, 'Silvan'),
	(278, 21, 'Sur'),
	(279, 21, 'Yenişehir'),
	(280, 22, 'Edirne'),
	(281, 22, 'Enez'),
	(282, 22, 'Havsa'),
	(283, 22, 'İpsala'),
	(284, 22, 'Keşan'),
	(285, 22, 'Lalapaşa'),
	(286, 22, 'Meriç'),
	(287, 22, 'Süleoğlu(Süloğlu)'),
	(288, 22, 'Uzunköprü'),
	(289, 23, 'Ağın'),
	(290, 23, 'Alacakaya'),
	(291, 23, 'Arıcak'),
	(292, 23, 'Baskil'),
	(293, 23, 'Elazığ'),
	(294, 23, 'Karakoçan'),
	(295, 23, 'Keban'),
	(296, 23, 'Kovancılar'),
	(297, 23, 'Maden'),
	(298, 23, 'Palu'),
	(299, 23, 'Sivrice'),
	(300, 24, 'Çayırlı'),
	(301, 24, 'Erzincan'),
	(302, 24, 'İliç(Ilıç)'),
	(303, 24, 'Kemah'),
	(304, 24, 'Kemaliye'),
	(305, 24, 'Otlukbeli'),
	(306, 24, 'Refahiye'),
	(307, 24, 'Tercan'),
	(308, 24, 'Üzümlü'),
	(309, 25, 'Aşkale'),
	(310, 25, 'Aziziye(Ilıca)'),
	(311, 25, 'Çat'),
	(312, 25, 'Hınıs'),
	(313, 25, 'Horasan'),
	(314, 25, 'İspir'),
	(315, 25, 'Karaçoban'),
	(316, 25, 'Karayazı'),
	(317, 25, 'Köprüköy'),
	(318, 25, 'Narman'),
	(319, 25, 'Oltu'),
	(320, 25, 'Olur'),
	(321, 25, 'Palandöken'),
	(322, 25, 'Pasinler'),
	(323, 25, 'Pazaryolu'),
	(324, 25, 'Şenkaya'),
	(325, 25, 'Tekman'),
	(326, 25, 'Tortum'),
	(327, 25, 'Uzundere'),
	(328, 25, 'Yakutiye'),
	(329, 26, 'Alpu'),
	(330, 26, 'Beylikova'),
	(331, 26, 'Çifteler'),
	(332, 26, 'Günyüzü'),
	(333, 26, 'Han'),
	(334, 26, 'İnönü'),
	(335, 26, 'Mahmudiye'),
	(336, 26, 'Mihalgazi'),
	(337, 26, 'Mihalıçcık'),
	(338, 26, 'Odunpazarı'),
	(339, 26, 'Sarıcakaya'),
	(340, 26, 'Seyitgazi'),
	(341, 26, 'Sivrihisar'),
	(342, 26, 'Tepebaşı'),
	(343, 27, 'Araban'),
	(344, 27, 'İslahiye'),
	(345, 27, 'Karkamış'),
	(346, 27, 'Nizip'),
	(347, 27, 'Nurdağı'),
	(348, 27, 'Oğuzeli'),
	(349, 27, 'Şahinbey'),
	(350, 27, 'Şehitkamil'),
	(351, 27, 'Yavuzeli'),
	(352, 28, 'Alucra'),
	(353, 28, 'Bulancak'),
	(354, 28, 'Çamoluk'),
	(355, 28, 'Çanakçı'),
	(356, 28, 'Dereli'),
	(357, 28, 'Doğankent'),
	(358, 28, 'Espiye'),
	(359, 28, 'Eynesil'),
	(360, 28, 'Giresun'),
	(361, 28, 'Görele'),
	(362, 28, 'Güce'),
	(363, 28, 'Keşap'),
	(364, 28, 'Piraziz'),
	(365, 28, 'Şebinkarahisar'),
	(366, 28, 'Tirebolu'),
	(367, 28, 'Yağlıdere'),
	(368, 29, 'Gümüşhane'),
	(369, 29, 'Kelkit'),
	(370, 29, 'Köse'),
	(371, 29, 'Kürtün'),
	(372, 29, 'Şiran'),
	(373, 29, 'Torul'),
	(374, 30, 'Çukurca'),
	(375, 30, 'Hakkari'),
	(376, 30, 'Şemdinli'),
	(377, 30, 'Yüksekova'),
	(378, 31, 'Altınözü'),
	(379, 31, 'Antakya'),
	(380, 31, 'Belen'),
	(381, 31, 'Dörtyol'),
	(382, 31, 'Erzin'),
	(383, 31, 'Hassa'),
	(384, 31, 'İskenderun'),
	(385, 31, 'Kırıkhan'),
	(386, 31, 'Kumlu'),
	(387, 31, 'Reyhanlı'),
	(388, 31, 'Samandağ'),
	(389, 31, 'Yayladağı'),
	(390, 32, 'Aksu'),
	(391, 32, 'Atabey'),
	(392, 32, 'Eğridir(Eğirdir)'),
	(393, 32, 'Gelendost'),
	(394, 32, 'Gönen'),
	(395, 32, 'Isparta'),
	(396, 32, 'Keçiborlu'),
	(397, 32, 'Senirkent'),
	(398, 32, 'Sütçüler'),
	(399, 32, 'Şarkikaraağaç'),
	(400, 32, 'Uluborlu'),
	(401, 32, 'Yalvaç'),
	(402, 32, 'Yenişarbademli'),
	(403, 33, 'Akdeniz'),
	(404, 33, 'Anamur'),
	(405, 33, 'Aydıncık'),
	(406, 33, 'Bozyazı'),
	(407, 33, 'Çamlıyayla'),
	(408, 33, 'Erdemli'),
	(409, 33, 'Gülnar (Gülpınar)'),
	(410, 33, 'Mezitli'),
	(411, 33, 'Mut'),
	(412, 33, 'Silifke'),
	(413, 33, 'Tarsus'),
	(414, 33, 'Toroslar'),
	(415, 33, 'Yenişehir'),
	(416, 34, 'Adalar'),
	(417, 34, 'Arnavutköy'),
	(418, 34, 'Ataşehir'),
	(419, 34, 'Avcılar'),
	(420, 34, 'Bağcılar'),
	(421, 34, 'Bahçelievler'),
	(422, 34, 'Bakırköy'),
	(423, 34, 'Başakşehir'),
	(424, 34, 'Bayrampaşa'),
	(425, 34, 'Beşiktaş'),
	(426, 34, 'Beykoz'),
	(427, 34, 'Beylikdüzü'),
	(428, 34, 'Beyoğlu'),
	(429, 34, 'Büyükçekmece'),
	(430, 34, 'Çatalca'),
	(431, 34, 'Çekmeköy'),
	(432, 34, 'Esenler'),
	(433, 34, 'Esenyurt'),
	(434, 34, 'Eyüp'),
	(435, 34, 'Fatih'),
	(436, 34, 'Gaziosmanpaşa'),
	(437, 34, 'Güngören'),
	(438, 34, 'Kadıköy'),
	(439, 34, 'Kağıthane'),
	(440, 34, 'Kartal'),
	(441, 34, 'Küçükçekmece'),
	(442, 34, 'Maltepe'),
	(443, 34, 'Pendik'),
	(444, 34, 'Sancaktepe'),
	(445, 34, 'Sarıyer'),
	(446, 34, 'Silivri'),
	(447, 34, 'Sultanbeyli'),
	(448, 34, 'Sultangazi'),
	(449, 34, 'Şile'),
	(450, 34, 'Şişli'),
	(451, 34, 'Tuzla'),
	(452, 34, 'Ümraniye'),
	(453, 34, 'Üsküdar'),
	(454, 34, 'Zeytinburnu'),
	(455, 35, 'Aliağa'),
	(456, 35, 'Balçova'),
	(457, 35, 'Bayındır'),
	(458, 35, 'Bayraklı'),
	(459, 35, 'Bergama'),
	(460, 35, 'Beydağ'),
	(461, 35, 'Bornova'),
	(462, 35, 'Buca'),
	(463, 35, 'Cumaovası(Menderes)'),
	(464, 35, 'Çeşme'),
	(465, 35, 'Çiğli'),
	(466, 35, 'Dikili'),
	(467, 35, 'Foça'),
	(468, 35, 'Gaziemir'),
	(469, 35, 'Güzelbahçe'),
	(470, 35, 'Karabağlar'),
	(471, 35, 'Karaburun'),
	(472, 35, 'Karşıyaka'),
	(473, 35, 'Kemalpaşa'),
	(474, 35, 'Kınık'),
	(475, 35, 'Kiraz'),
	(476, 35, 'Konak'),
	(477, 35, 'Menemen'),
	(478, 35, 'Narlıdere'),
	(479, 35, 'Ödemiş'),
	(480, 35, 'Seferihisar'),
	(481, 35, 'Selçuk'),
	(482, 35, 'Tire'),
	(483, 35, 'Torbalı'),
	(484, 35, 'Urla'),
	(485, 36, 'Akyaka'),
	(486, 36, 'Arpaçay'),
	(487, 36, 'Digor'),
	(488, 36, 'Kağızman'),
	(489, 36, 'Kars'),
	(490, 36, 'Sarıkamış'),
	(491, 36, 'Selim'),
	(492, 36, 'Susuz'),
	(493, 37, 'Abana'),
	(494, 37, 'Ağlı'),
	(495, 37, 'Araç'),
	(496, 37, 'Azdavay'),
	(497, 37, 'Bozkurt'),
	(498, 37, 'Cide'),
	(499, 37, 'Çatalzeytin'),
	(500, 37, 'Daday'),
	(501, 37, 'Devrekani'),
	(502, 37, 'Doğanyurt'),
	(503, 37, 'Hanönü(Gökçeağaç)'),
	(504, 37, 'İhsangazi'),
	(505, 37, 'İnebolu'),
	(506, 37, 'Kastamonu'),
	(507, 37, 'Küre'),
	(508, 37, 'Pınarbaşı'),
	(509, 37, 'Seydiler'),
	(510, 37, 'Şenpazar'),
	(511, 37, 'Taşköprü'),
	(512, 37, 'Tosya'),
	(513, 38, 'Akkışla'),
	(514, 38, 'Bünyan'),
	(515, 38, 'Develi'),
	(516, 38, 'Felahiye'),
	(517, 38, 'Hacılar'),
	(518, 38, 'İncesu'),
	(519, 38, 'Kocasinan'),
	(520, 38, 'Melikgazi'),
	(521, 38, 'Özvatan(Çukur)'),
	(522, 38, 'Pınarbaşı'),
	(523, 38, 'Sarıoğlan'),
	(524, 38, 'Sarız'),
	(525, 38, 'Talas'),
	(526, 38, 'Tomarza'),
	(527, 38, 'Yahyalı'),
	(528, 38, 'Yeşilhisar'),
	(529, 39, 'Babaeski'),
	(530, 39, 'Demirköy'),
	(531, 39, 'Kırklareli'),
	(532, 39, 'Kofçaz'),
	(533, 39, 'Lüleburgaz'),
	(534, 39, 'Pehlivanköy'),
	(535, 39, 'Pınarhisar'),
	(536, 39, 'Vize'),
	(537, 40, 'Akçakent'),
	(538, 40, 'Akpınar'),
	(539, 40, 'Boztepe'),
	(540, 40, 'Çiçekdağı'),
	(541, 40, 'Kaman'),
	(542, 40, 'Kırşehir'),
	(543, 40, 'Mucur'),
	(544, 41, 'Başiskele'),
	(545, 41, 'Çayırova'),
	(546, 41, 'Darıca'),
	(547, 41, 'Derince'),
	(548, 41, 'Dilovası'),
	(549, 41, 'Gebze'),
	(550, 41, 'Gölcük'),
	(551, 41, 'İzmit'),
	(552, 41, 'Kandıra'),
	(553, 41, 'Karamürsel'),
	(554, 41, 'Kartepe'),
	(555, 41, 'Tütünçiftlik'),
	(556, 42, 'Ahırlı'),
	(557, 42, 'Akören'),
	(558, 42, 'Akşehir'),
	(559, 42, 'Altınekin'),
	(560, 42, 'Beyşehir'),
	(561, 42, 'Bozkır'),
	(562, 42, 'Cihanbeyli'),
	(563, 42, 'Çeltik'),
	(564, 42, 'Çumra'),
	(565, 42, 'Derbent'),
	(566, 42, 'Derebucak'),
	(567, 42, 'Doğanhisar'),
	(568, 42, 'Emirgazi'),
	(569, 42, 'Ereğli'),
	(570, 42, 'Güneysınır'),
	(571, 42, 'Hadim'),
	(572, 42, 'Halkapınar'),
	(573, 42, 'Hüyük'),
	(574, 42, 'Ilgın'),
	(575, 42, 'Kadınhanı'),
	(576, 42, 'Karapınar'),
	(577, 42, 'Karatay'),
	(578, 42, 'Kulu'),
	(579, 42, 'Meram'),
	(580, 42, 'Sarayönü'),
	(581, 42, 'Selçuklu'),
	(582, 42, 'Seydişehir'),
	(583, 42, 'Taşkent'),
	(584, 42, 'Tuzlukçu'),
	(585, 42, 'Yalıhüyük'),
	(586, 42, 'Yunak'),
	(587, 43, 'Altıntaş'),
	(588, 43, 'Aslanapa'),
	(589, 43, 'Çavdarhisar'),
	(590, 43, 'Domaniç'),
	(591, 43, 'Dumlupınar'),
	(592, 43, 'Emet'),
	(593, 43, 'Gediz'),
	(594, 43, 'Hisarcık'),
	(595, 43, 'Kütahya'),
	(596, 43, 'Pazarlar'),
	(597, 43, 'Simav'),
	(598, 43, 'Şaphane'),
	(599, 43, 'Tavşanlı'),
	(600, 43, 'Tunçbilek'),
	(601, 44, 'Akçadağ'),
	(602, 44, 'Arapkir'),
	(603, 44, 'Arguvan'),
	(604, 44, 'Battalgazi'),
	(605, 44, 'Darende'),
	(606, 44, 'Doğanşehir'),
	(607, 44, 'Doğanyol'),
	(608, 44, 'Hekimhan'),
	(609, 44, 'Kale'),
	(610, 44, 'Kuluncak'),
	(611, 44, 'Malatya'),
	(612, 44, 'Pötürge'),
	(613, 44, 'Yazıhan'),
	(614, 44, 'Yeşilyurt'),
	(615, 45, 'Ahmetli'),
	(616, 45, 'Akhisar'),
	(617, 45, 'Alaşehir'),
	(618, 45, 'Demirci'),
	(619, 45, 'Gölmarmara'),
	(620, 45, 'Gördes'),
	(621, 45, 'Kırkağaç'),
	(622, 45, 'Köprübaşı'),
	(623, 45, 'Kula'),
	(624, 45, 'Manisa'),
	(625, 45, 'Salihli'),
	(626, 45, 'Sarıgöl'),
	(627, 45, 'Saruhanlı'),
	(628, 45, 'Selendi'),
	(629, 45, 'Soma'),
	(630, 45, 'Turgutlu'),
	(631, 46, 'Afşin'),
	(632, 46, 'Andırın'),
	(633, 46, 'Çağlayancerit'),
	(634, 46, 'Ekinözü'),
	(635, 46, 'Elbistan'),
	(636, 46, 'Göksun'),
	(637, 46, 'Kahramanmaraş'),
	(638, 46, 'Nurhak'),
	(639, 46, 'Pazarcık'),
	(640, 46, 'Türkoğlu'),
	(641, 47, 'Dargeçit'),
	(642, 47, 'Derik'),
	(643, 47, 'Kızıltepe'),
	(644, 47, 'Mardin'),
	(645, 47, 'Mazıdağı'),
	(646, 47, 'Midyat(Estel)'),
	(647, 47, 'Nusaybin'),
	(648, 47, 'Ömerli'),
	(649, 47, 'Savur'),
	(650, 47, 'Yeşilli'),
	(651, 48, 'Bodrum'),
	(652, 48, 'Dalaman'),
	(653, 48, 'Datça'),
	(654, 48, 'Fethiye'),
	(655, 48, 'Kavaklıdere'),
	(656, 48, 'Köyceğiz'),
	(657, 48, 'Marmaris'),
	(658, 48, 'Milas'),
	(659, 48, 'Muğla'),
	(660, 48, 'Ortaca'),
	(661, 48, 'Ula'),
	(662, 48, 'Yatağan'),
	(663, 49, 'Bulanık'),
	(664, 49, 'Hasköy'),
	(665, 49, 'Korkut'),
	(666, 49, 'Malazgirt'),
	(667, 49, 'Muş'),
	(668, 49, 'Varto'),
	(669, 50, 'Acıgöl'),
	(670, 50, 'Avanos'),
	(671, 50, 'Derinkuyu'),
	(672, 50, 'Gülşehir'),
	(673, 50, 'Hacıbektaş'),
	(674, 50, 'Kozaklı'),
	(675, 50, 'Nevşehir'),
	(676, 50, 'Ürgüp'),
	(677, 51, 'Altunhisar'),
	(678, 51, 'Bor'),
	(679, 51, 'Çamardı'),
	(680, 51, 'Çiftlik(Özyurt)'),
	(681, 51, 'Niğde'),
	(682, 51, 'Ulukışla'),
	(683, 52, 'Akkuş'),
	(684, 52, 'Aybastı'),
	(685, 52, 'Çamaş'),
	(686, 52, 'Çatalpınar'),
	(687, 52, 'Çaybaşı'),
	(688, 52, 'Fatsa'),
	(689, 52, 'Gölköy'),
	(690, 52, 'Gülyalı'),
	(691, 52, 'Gürgentepe'),
	(692, 52, 'İkizce'),
	(693, 52, 'Kabataş'),
	(694, 52, 'Karadüz(Kabadüz)'),
	(695, 52, 'Korgan'),
	(696, 52, 'Kumru'),
	(697, 52, 'Mesudiye'),
	(698, 52, 'Ordu'),
	(699, 52, 'Perşembe'),
	(700, 52, 'Ulubey'),
	(701, 52, 'Ünye'),
	(702, 53, 'Ardeşen'),
	(703, 53, 'Çamlıhemşin'),
	(704, 53, 'Çayeli'),
	(705, 53, 'Derepazarı'),
	(706, 53, 'Fındıklı'),
	(707, 53, 'Güneysu'),
	(708, 53, 'Hemşin'),
	(709, 53, 'İkizdere'),
	(710, 53, 'İyidere'),
	(711, 53, 'Kalkandere'),
	(712, 53, 'Pazar'),
	(713, 53, 'Rize'),
	(714, 54, 'Adapazarı'),
	(715, 54, 'Akyazı'),
	(716, 54, 'Arifiye'),
	(717, 54, 'Erenler'),
	(718, 54, 'Ferizli'),
	(719, 54, 'Geyve'),
	(720, 54, 'Hendek'),
	(721, 54, 'Karapürçek'),
	(722, 54, 'Karasu'),
	(723, 54, 'Kaynarca'),
	(724, 54, 'Kocaali'),
	(725, 54, 'Pamukova'),
	(726, 54, 'Sapanca'),
	(727, 54, 'Serdivan'),
	(728, 54, 'Söğütlü'),
	(729, 54, 'Taraklı'),
	(730, 55, '19 Mayıs(Ballıca)'),
	(731, 55, 'Alaçam'),
	(732, 55, 'Asarcık'),
	(733, 55, 'Atakum'),
	(734, 55, 'Ayvacık'),
	(735, 55, 'Bafra'),
	(736, 55, 'Canik'),
	(737, 55, 'Çarşamba'),
	(738, 55, 'Havza'),
	(739, 55, 'İlkadım'),
	(740, 55, 'Kavak'),
	(741, 55, 'Ladik'),
	(742, 55, 'Salıpazarı'),
	(743, 55, 'Tekkeköy'),
	(744, 55, 'Terme'),
	(745, 55, 'Vezirköprü'),
	(746, 55, 'Yakakent'),
	(747, 56, 'Aydınlar'),
	(748, 56, 'Baykan'),
	(749, 56, 'Eruh'),
	(750, 56, 'Kurtalan'),
	(751, 56, 'Pervari'),
	(752, 56, 'Siirt'),
	(753, 56, 'Şirvan'),
	(754, 57, 'Ayancık'),
	(755, 57, 'Boyabat'),
	(756, 57, 'Dikmen'),
	(757, 57, 'Durağan'),
	(758, 57, 'Erfelek'),
	(759, 57, 'Gerze'),
	(760, 57, 'Saraydüzü'),
	(761, 57, 'Sinop'),
	(762, 57, 'Türkeli'),
	(763, 58, 'Akıncılar'),
	(764, 58, 'Altınyayla'),
	(765, 58, 'Divriği'),
	(766, 58, 'Doğanşar'),
	(767, 58, 'Gemerek'),
	(768, 58, 'Gölova'),
	(769, 58, 'Gürün'),
	(770, 58, 'Hafik'),
	(771, 58, 'İmranlı'),
	(772, 58, 'Kangal'),
	(773, 58, 'Koyulhisar'),
	(774, 58, 'Sivas'),
	(775, 58, 'Suşehri'),
	(776, 58, 'Şarkışla'),
	(777, 58, 'Ulaş'),
	(778, 58, 'Yıldızeli'),
	(779, 58, 'Zara'),
	(780, 59, 'Çerkezköy'),
	(781, 59, 'Çorlu'),
	(782, 59, 'Hayrabolu'),
	(783, 59, 'Malkara'),
	(784, 59, 'Marmaraereğlisi'),
	(785, 59, 'Muratlı'),
	(786, 59, 'Saray'),
	(787, 59, 'Şarköy'),
	(788, 59, 'Tekirdağ'),
	(789, 60, 'Almus'),
	(790, 60, 'Artova'),
	(791, 60, 'Başçiftlik'),
	(792, 60, 'Erbaa'),
	(793, 60, 'Niksar'),
	(794, 60, 'Pazar'),
	(795, 60, 'Reşadiye'),
	(796, 60, 'Sulusaray'),
	(797, 60, 'Tokat'),
	(798, 60, 'Turhal'),
	(799, 60, 'Yeşilyurt'),
	(800, 60, 'Zile'),
	(801, 61, 'Akçaabat'),
	(802, 61, 'Araklı'),
	(803, 61, 'Arsin'),
	(804, 61, 'Beşikdüzü'),
	(805, 61, 'Çarşıbaşı'),
	(806, 61, 'Çaykara'),
	(807, 61, 'Dernekpazarı'),
	(808, 61, 'Düzköy'),
	(809, 61, 'Hayrat'),
	(810, 61, 'Köprübaşı'),
	(811, 61, 'Maçka'),
	(812, 61, 'Of'),
	(813, 61, 'Sürmene'),
	(814, 61, 'Şalpazarı'),
	(815, 61, 'Tonya'),
	(816, 61, 'Trabzon'),
	(817, 61, 'Vakfıkebir'),
	(818, 61, 'Yomra'),
	(819, 62, 'Çemişgezek'),
	(820, 62, 'Hozat'),
	(821, 62, 'Mazgirt'),
	(822, 62, 'Nazımiye'),
	(823, 62, 'Ovacık'),
	(824, 62, 'Pertek'),
	(825, 62, 'Pülümür'),
	(826, 62, 'Tunceli'),
	(827, 63, 'Akçakale'),
	(828, 63, 'Birecik'),
	(829, 63, 'Bozova'),
	(830, 63, 'Ceylanpınar'),
	(831, 63, 'Halfeti'),
	(832, 63, 'Harran'),
	(833, 63, 'Hilvan'),
	(834, 63, 'Siverek'),
	(835, 63, 'Suruç'),
	(836, 63, 'Şanlıurfa'),
	(837, 63, 'Viranşehir'),
	(838, 64, 'Banaz'),
	(839, 64, 'Eşme'),
	(840, 64, 'Karahallı'),
	(841, 64, 'Sivaslı'),
	(842, 64, 'Ulubey'),
	(843, 64, 'Uşak'),
	(844, 65, 'Bahçesaray'),
	(845, 65, 'Başkale'),
	(846, 65, 'Çaldıran'),
	(847, 65, 'Çatak'),
	(848, 65, 'Edremit(Gümüşdere)'),
	(849, 65, 'Erciş'),
	(850, 65, 'Gevaş'),
	(851, 65, 'Gürpınar'),
	(852, 65, 'Muradiye'),
	(853, 65, 'Özalp'),
	(854, 65, 'Saray'),
	(855, 65, 'Van'),
	(856, 66, 'Akdağmadeni'),
	(857, 66, 'Aydıncık'),
	(858, 66, 'Boğazlıyan'),
	(859, 66, 'Çandır'),
	(860, 66, 'Çayıralan'),
	(861, 66, 'Çekerek'),
	(862, 66, 'Kadışehri'),
	(863, 66, 'Saraykent'),
	(864, 66, 'Sarıkaya'),
	(865, 66, 'Sorgun'),
	(866, 66, 'Şefaatli'),
	(867, 66, 'Yenifakılı'),
	(868, 66, 'Yerköy'),
	(869, 66, 'Yozgat'),
	(870, 67, 'Alaplı'),
	(871, 67, 'Çaycuma'),
	(872, 67, 'Devrek'),
	(873, 67, 'Gökçebey'),
	(874, 67, 'Karadenizereğli'),
	(875, 67, 'Zonguldak'),
	(876, 68, 'Ağaçören'),
	(877, 68, 'Aksaray'),
	(878, 68, 'Eskil'),
	(879, 68, 'Gülağaç(Ağaçlı)'),
	(880, 68, 'Güzelyurt'),
	(881, 68, 'Ortaköy'),
	(882, 68, 'Sarıyahşi'),
	(883, 69, 'Aydıntepe'),
	(884, 69, 'Bayburt'),
	(885, 69, 'Demirözü'),
	(886, 70, 'Ayrancı'),
	(887, 70, 'Başyayla'),
	(888, 70, 'Ermenek'),
	(889, 70, 'Karaman'),
	(890, 70, 'Kazımkarabekir'),
	(891, 70, 'Sarıveliler'),
	(892, 71, 'Bahşili'),
	(893, 71, 'Balışeyh'),
	(894, 71, 'Çelebi'),
	(895, 71, 'Delice'),
	(896, 71, 'Karakeçili'),
	(897, 71, 'Keskin'),
	(898, 71, 'Kırıkkale'),
	(899, 71, 'Sulakyurt'),
	(900, 71, 'Yahşihan'),
	(901, 72, 'Batman'),
	(902, 72, 'Beşiri'),
	(903, 72, 'Gercüş'),
	(904, 72, 'Hasankeyf'),
	(905, 72, 'Kozluk'),
	(906, 72, 'Sason'),
	(907, 73, 'Beytüşşebap'),
	(908, 73, 'Cizre'),
	(909, 73, 'Güçlükonak'),
	(910, 73, 'İdil'),
	(911, 73, 'Silopi'),
	(912, 73, 'Şırnak'),
	(913, 73, 'Uludere'),
	(914, 74, 'Amasra'),
	(915, 74, 'Bartın'),
	(916, 74, 'Kurucaşile'),
	(917, 74, 'Ulus'),
	(918, 75, 'Ardahan'),
	(919, 75, 'Çıldır'),
	(920, 75, 'Damal'),
	(921, 75, 'Göle'),
	(922, 75, 'Hanak'),
	(923, 75, 'Posof'),
	(924, 76, 'Aralık'),
	(925, 76, 'Iğdır'),
	(926, 76, 'Karakoyunlu'),
	(927, 76, 'Tuzluca'),
	(928, 77, 'Altınova'),
	(929, 77, 'Armutlu'),
	(930, 77, 'Çınarcık'),
	(931, 77, 'Çiftlikköy'),
	(932, 77, 'Termal'),
	(933, 77, 'Yalova'),
	(934, 78, 'Eflani'),
	(935, 78, 'Eskipazar'),
	(936, 78, 'Karabük'),
	(937, 78, 'Ovacık'),
	(938, 78, 'Safranbolu'),
	(939, 78, 'Yenice'),
	(940, 79, 'Elbeyli'),
	(941, 79, 'Kilis'),
	(942, 79, 'Musabeyli'),
	(943, 79, 'Polateli'),
	(944, 80, 'Bahçe'),
	(945, 80, 'Düziçi'),
	(946, 80, 'Hasanbeyli'),
	(947, 80, 'Kadirli'),
	(948, 80, 'Osmaniye'),
	(949, 80, 'Sumbas'),
	(950, 80, 'Toprakkale'),
	(951, 81, 'Akçakoca'),
	(952, 81, 'Cumayeri'),
	(953, 81, 'Çilimli'),
	(954, 81, 'Düzce'),
	(955, 81, 'Gölyaka'),
	(956, 81, 'Gümüşova'),
	(957, 81, 'Kaynaşlı'),
	(958, 81, 'Yığılca');
/*!40000 ALTER TABLE `ilce` ENABLE KEYS */;

-- tablo yapısı dökülüyor mbeyazil_puantoryeni.job_groups
DROP TABLE IF EXISTS `job_groups`;
CREATE TABLE IF NOT EXISTS `job_groups` (
  `id` int(11) NOT NULL AUTO_INCREMENT,
  `group_name` varchar(100) NOT NULL DEFAULT '0',
  PRIMARY KEY (`id`)
) ENGINE=InnoDB AUTO_INCREMENT=3 DEFAULT CHARSET=latin5 COLLATE=latin5_turkish_ci;

-- mbeyazil_puantoryeni.job_groups: ~2 rows (yaklaşık) tablosu için veriler indiriliyor
DELETE FROM `job_groups`;
INSERT INTO `job_groups` (`id`, `group_name`) VALUES
	(1, 'Alçı'),
	(2, 'Fayans');

-- tablo yapısı dökülüyor mbeyazil_puantoryeni.login_logs
DROP TABLE IF EXISTS `login_logs`;
CREATE TABLE IF NOT EXISTS `login_logs` (
  `id` int(11) NOT NULL AUTO_INCREMENT,
  `user_id` int(11) NOT NULL,
  `login_time` timestamp NOT NULL DEFAULT current_timestamp(),
  `logout_time` varchar(20) NOT NULL DEFAULT '',
  `ip_address` varchar(45) NOT NULL,
  `user_agent` text NOT NULL,
  PRIMARY KEY (`id`),
  KEY `user_id` (`user_id`),
  CONSTRAINT `login_logs_ibfk_1` FOREIGN KEY (`user_id`) REFERENCES `users` (`id`)
) ENGINE=InnoDB AUTO_INCREMENT=36 DEFAULT CHARSET=latin5 COLLATE=latin5_turkish_ci;

-- mbeyazil_puantoryeni.login_logs: ~11 rows (yaklaşık) tablosu için veriler indiriliyor
DELETE FROM `login_logs`;
INSERT INTO `login_logs` (`id`, `user_id`, `login_time`, `logout_time`, `ip_address`, `user_agent`) VALUES
	(25, 10, '2024-10-29 11:29:02', '', '::1', 'Mozilla/5.0 (Windows NT 10.0; Win64; x64) AppleWebKit/537.36 (KHTML, like Gecko) Chrome/130.0.0.0 Safari/537.36'),
	(26, 10, '2024-10-29 19:27:59', '', '::1', 'Mozilla/5.0 (Windows NT 10.0; Win64; x64) AppleWebKit/537.36 (KHTML, like Gecko) Chrome/130.0.0.0 Safari/537.36'),
	(27, 10, '2024-10-30 06:03:07', '', '::1', 'Mozilla/5.0 (Windows NT 10.0; Win64; x64) AppleWebKit/537.36 (KHTML, like Gecko) Chrome/130.0.0.0 Safari/537.36'),
	(28, 10, '2024-10-31 05:14:35', '', '::1', 'Mozilla/5.0 (Windows NT 10.0; Win64; x64) AppleWebKit/537.36 (KHTML, like Gecko) Chrome/130.0.0.0 Safari/537.36'),
	(29, 10, '2024-10-31 05:19:02', '', '::1', 'Mozilla/5.0 (Windows NT 10.0; Win64; x64) AppleWebKit/537.36 (KHTML, like Gecko) Chrome/130.0.0.0 Safari/537.36'),
	(30, 10, '2024-10-31 05:19:23', '', '::1', 'Mozilla/5.0 (Windows NT 10.0; Win64; x64) AppleWebKit/537.36 (KHTML, like Gecko) Chrome/130.0.0.0 Safari/537.36'),
	(31, 10, '2024-10-31 05:20:32', '', '::1', 'Mozilla/5.0 (Windows NT 10.0; Win64; x64) AppleWebKit/537.36 (KHTML, like Gecko) Chrome/130.0.0.0 Safari/537.36'),
	(32, 10, '2024-10-31 05:20:41', '', '::1', 'Mozilla/5.0 (Windows NT 10.0; Win64; x64) AppleWebKit/537.36 (KHTML, like Gecko) Chrome/130.0.0.0 Safari/537.36'),
	(33, 10, '2024-10-31 05:31:46', '', '::1', 'Mozilla/5.0 (Windows NT 10.0; Win64; x64) AppleWebKit/537.36 (KHTML, like Gecko) Chrome/130.0.0.0 Safari/537.36'),
	(34, 10, '2024-11-01 16:20:31', '', '::1', 'Mozilla/5.0 (Windows NT 10.0; Win64; x64) AppleWebKit/537.36 (KHTML, like Gecko) Chrome/130.0.0.0 Safari/537.36'),
	(35, 10, '2024-11-02 07:39:13', '', '::1', 'Mozilla/5.0 (Windows NT 10.0; Win64; x64) AppleWebKit/537.36 (KHTML, like Gecko) Chrome/130.0.0.0 Safari/537.36');

-- tablo yapısı dökülüyor mbeyazil_puantoryeni.maas_gelir_kesinti
DROP TABLE IF EXISTS `maas_gelir_kesinti`;
CREATE TABLE IF NOT EXISTS `maas_gelir_kesinti` (
  `id` int(11) NOT NULL AUTO_INCREMENT,
  `user_id` int(11) NOT NULL DEFAULT 0,
  `person_id` int(11) NOT NULL DEFAULT 0,
  `project_id` int(11) NOT NULL DEFAULT 0,
  `gun` varchar(8) NOT NULL DEFAULT '0',
  `ay` int(11) NOT NULL DEFAULT 0,
  `yil` int(11) NOT NULL DEFAULT 0,
  `tutar` decimal(20,2) NOT NULL DEFAULT 0.00,
  `kategori` int(11) NOT NULL DEFAULT 0,
  `turu` varchar(255) NOT NULL DEFAULT '0',
  `aciklama` varchar(255) NOT NULL DEFAULT '0',
  `created_at` datetime NOT NULL DEFAULT current_timestamp(),
  PRIMARY KEY (`id`)
) ENGINE=InnoDB AUTO_INCREMENT=349 DEFAULT CHARSET=latin5 COLLATE=latin5_turkish_ci;

-- mbeyazil_puantoryeni.maas_gelir_kesinti: ~5 rows (yaklaşık) tablosu için veriler indiriliyor
DELETE FROM `maas_gelir_kesinti`;
INSERT INTO `maas_gelir_kesinti` (`id`, `user_id`, `person_id`, `project_id`, `gun`, `ay`, `yil`, `tutar`, `kategori`, `turu`, `aciklama`, `created_at`) VALUES
	(344, 0, 1, 0, '20241101', 11, 2024, 30000.00, 4, 'Kasım 2024 Maaş', 'Aylık Maaş', '2024-11-02 15:59:28'),
	(345, 10, 1, 0, '20241115', 11, 2024, 5000.00, 2, 'Avans', '', '2024-11-02 16:10:13'),
	(346, 10, 1, 0, '20241115', 11, 2024, 4500.00, 2, 'Avans', '', '2024-11-02 16:11:07'),
	(347, 10, 1, 0, '20241115', 11, 2024, 5000.00, 3, 'Bakiye', '', '2024-11-02 16:24:11'),
	(348, 0, 1, 0, '20241001', 10, 2024, 27096.77, 4, 'Ekim 2024 Maaş', '28 günlük Maaş', '2024-11-02 21:23:03');

-- tablo yapısı dökülüyor mbeyazil_puantoryeni.menu
DROP TABLE IF EXISTS `menu`;
CREATE TABLE IF NOT EXISTS `menu` (
  `id` int(11) NOT NULL AUTO_INCREMENT,
  `page_name` varchar(50) NOT NULL DEFAULT '0',
  `page_link` varchar(255) NOT NULL DEFAULT '0',
  `icon` varchar(255) NOT NULL DEFAULT '0',
  `parent_id` int(11) NOT NULL DEFAULT 0,
  `isActive` int(11) DEFAULT 1,
  `isMenu` int(11) DEFAULT 1,
  `index_no` int(11) DEFAULT NULL,
  `is_authorize` int(11) DEFAULT 1,
  PRIMARY KEY (`id`)
) ENGINE=InnoDB AUTO_INCREMENT=61 DEFAULT CHARSET=latin5 COLLATE=latin5_turkish_ci COMMENT='isMenu alanı, menüde görünüp görünmesi için, \r\nindex_no alanı ile menülerin sırası belirlenir\r\nis_authorize alanı, yetki kontolü yapılıp yapılmayacağını belirler';

-- mbeyazil_puantoryeni.menu: ~43 rows (yaklaşık) tablosu için veriler indiriliyor
DELETE FROM `menu`;
INSERT INTO `menu` (`id`, `page_name`, `page_link`, `icon`, `parent_id`, `isActive`, `isMenu`, `index_no`, `is_authorize`) VALUES
	(1, 'Ana Sayfa', 'home', 'home', 0, 1, 1, 1, 1),
	(7, 'Firmalar', 'companies/list', 'components', 0, 1, 1, 6, 1),
	(17, 'Kullanıcılar', 'users/list', 'users', 0, 1, 1, 10, 1),
	(19, 'Kullanıcı EkleGüncelle', 'users/manage', '0', 17, 1, 0, NULL, 1),
	(21, 'Kullanıcı Listesi', 'users/list', '', 17, 1, 1, NULL, 1),
	(22, 'Yetki Grupları', 'users/roles/list', '0', 17, 1, 1, NULL, 1),
	(23, 'İşlem Yetkileri', 'users/roles/authorities', '0', 17, 1, 0, NULL, 1),
	(24, 'Yetki Grubu Ekle/Güncelle', 'users/roles/manage', '0', 17, 1, 0, NULL, 1),
	(25, 'Ürün/Hizmetler', 'products/list', 'stack-back', 0, 0, 1, NULL, 1),
	(26, 'Ürün Ekle/Güncelle', 'products/manage', '0', 25, 1, 1, NULL, 1),
	(27, 'Tanımlamalar', '', 'settings-spark', 0, 1, 1, 8, 1),
	(28, 'Kasa Listesi', 'financial/case/list', '', 36, 1, 1, NULL, 1),
	(29, 'Kasa Ekle/Güncelle', 'financial/case/manage', '', 36, 1, 0, NULL, 1),
	(30, 'Puantaj', 'puantaj/list', 'calendar', 0, 1, 1, 2, 1),
	(31, 'Bordro', 'payroll/list', 'calculator', 0, 1, 1, 3, 1),
	(32, 'Personel Ekle/Güncelle', 'persons/manage', '0', 33, 1, 0, NULL, 1),
	(33, 'Personeller', 'persons/list', 'users', 0, 1, 1, 4, 1),
	(35, 'Projeler', 'projects/list', 'building-fortress', 0, 1, 1, 5, 1),
	(36, 'Finans', '', 'cash-register', 0, 1, 1, 6, 0),
	(37, 'Kasa Ekle/Güncelleme', 'financial/transactions/manage', '0', 36, 1, 0, NULL, 1),
	(38, 'Gelir-Gider İşlemleri', 'financial/transactions/list', '0', 36, 1, 1, NULL, 1),
	(39, 'Firmalarım', 'mycompany/list', 'buildings', 0, 1, 1, 7, 1),
	(40, 'Firma Ekle/Güncelle', 'mycompany/manage', '0', 39, 1, 0, NULL, 1),
	(41, 'Proje Ekle/Güncelle', 'projects/manage', '0', 35, 1, 0, NULL, 1),
	(42, 'Firmalar Ekle/Düzenle', 'companies/manage', '0', 7, 1, 0, NULL, 1),
	(43, 'Ayarlar', 'settings/manage', 'settings', 0, 1, 1, 11, 1),
	(44, 'Gelir-Gider Türü Tanımlama', 'defines/incexp/list', '0', 27, 1, 1, NULL, 1),
	(45, 'Görev Yönetimi', '0', 'mist', 0, 1, 1, 8, 1),
	(46, 'Gelir-Gider Türü Ekle/Güncelle', 'defines/incexp/manage', '0', 27, 1, 0, NULL, 1),
	(47, 'Görev Listesi', 'missions/list', '0', 45, 1, 1, NULL, 1),
	(48, 'Görevlerim', 'missions/my-missions', '0', 45, 1, 1, NULL, 1),
	(49, 'Verdiğim Görevler', 'missions/to-missions', '0', 45, 1, 1, NULL, 1),
	(50, 'Süreç Yönetimi', 'missions/process/list', '0', 45, 0, 1, NULL, 1),
	(51, 'Süreç Ekle/Güncelle', 'missions/process/manage', '0', 45, 0, 0, 0, 1),
	(52, 'Görev Başlıkları', 'missions/headers/list', '0', 45, 1, 1, NULL, 1),
	(53, 'Görev Başlıkları Ekle/Güncelle', 'missions/headers/manage', '0', 45, 1, 0, NULL, 1),
	(54, 'Görev Ekle/Güncelle', 'missions/manage', '0', 45, 1, 0, NULL, 1),
	(55, 'Ödemeleri Excelden Yükle', 'payroll/xls/payment-load-from-xls', '0', 31, 1, 0, NULL, 1),
	(56, 'Yetki Grubu Yetkilerini düzenle', 'users/auths/auths', '0', 17, 1, 0, NULL, 1),
	(57, 'İş Grubu Tanımlama', 'defines/job-groups/list', '0', 27, 1, 1, NULL, 1),
	(58, 'İş Grubu Ekle/Güncelle', 'defines/job-groups/manage', '0', 27, 1, 0, NULL, 1),
	(59, 'Görüş & Öneri', 'feedback/send', 'brand-feedly', 0, 0, 1, 11, 0),
	(60, 'Personelleri Excelden Yükle', 'persons/xls/person-load', '0', 33, 1, 0, NULL, 1);

-- tablo yapısı dökülüyor mbeyazil_puantoryeni.missions
DROP TABLE IF EXISTS `missions`;
CREATE TABLE IF NOT EXISTS `missions` (
  `id` int(11) NOT NULL AUTO_INCREMENT,
  `user_id` int(11) NOT NULL DEFAULT 0,
  `firm_id` int(11) NOT NULL DEFAULT 0,
  `header_id` int(11) NOT NULL DEFAULT 0,
  `user_ids` varchar(50) NOT NULL DEFAULT '0',
  `name` varchar(100) NOT NULL DEFAULT '0',
  `priority` int(11) NOT NULL DEFAULT 0,
  `start_date` varchar(20) NOT NULL DEFAULT '0',
  `end_date` varchar(20) NOT NULL DEFAULT '0',
  `description` text NOT NULL,
  `status` int(11) NOT NULL DEFAULT 0,
  `created_at` varchar(20) NOT NULL DEFAULT current_timestamp(),
  PRIMARY KEY (`id`)
) ENGINE=InnoDB AUTO_INCREMENT=49 DEFAULT CHARSET=latin5 COLLATE=latin5_turkish_ci;

-- mbeyazil_puantoryeni.missions: ~0 rows (yaklaşık) tablosu için veriler indiriliyor
DELETE FROM `missions`;

-- tablo yapısı dökülüyor mbeyazil_puantoryeni.mission_headers
DROP TABLE IF EXISTS `mission_headers`;
CREATE TABLE IF NOT EXISTS `mission_headers` (
  `id` int(11) NOT NULL AUTO_INCREMENT,
  `user_id` int(11) NOT NULL DEFAULT 0,
  `firm_id` int(11) NOT NULL DEFAULT 0,
  `header_name` varchar(255) NOT NULL DEFAULT '0',
  `header_order` int(3) NOT NULL DEFAULT 0,
  `description` varchar(255) NOT NULL DEFAULT '0',
  `status` int(3) NOT NULL DEFAULT 1,
  `created_at` varchar(20) NOT NULL DEFAULT current_timestamp(),
  PRIMARY KEY (`id`)
) ENGINE=InnoDB AUTO_INCREMENT=18 DEFAULT CHARSET=latin5 COLLATE=latin5_turkish_ci;

-- mbeyazil_puantoryeni.mission_headers: ~0 rows (yaklaşık) tablosu için veriler indiriliyor
DELETE FROM `mission_headers`;

-- tablo yapısı dökülüyor mbeyazil_puantoryeni.mission_headers_items
DROP TABLE IF EXISTS `mission_headers_items`;
CREATE TABLE IF NOT EXISTS `mission_headers_items` (
  `id` int(11) NOT NULL AUTO_INCREMENT,
  `mission_id` int(11) NOT NULL,
  `header_id` int(11) NOT NULL,
  `created_at` varchar(20) DEFAULT current_timestamp(),
  PRIMARY KEY (`id`)
) ENGINE=InnoDB AUTO_INCREMENT=10 DEFAULT CHARSET=latin5 COLLATE=latin5_turkish_ci;

-- mbeyazil_puantoryeni.mission_headers_items: ~1 rows (yaklaşık) tablosu için veriler indiriliyor
DELETE FROM `mission_headers_items`;
INSERT INTO `mission_headers_items` (`id`, `mission_id`, `header_id`, `created_at`) VALUES
	(1, 13, 1, '2024-10-06 11:23:14');

-- tablo yapısı dökülüyor mbeyazil_puantoryeni.mission_process
DROP TABLE IF EXISTS `mission_process`;
CREATE TABLE IF NOT EXISTS `mission_process` (
  `id` int(11) NOT NULL AUTO_INCREMENT,
  `user_id` int(11) NOT NULL DEFAULT 0,
  `firm_id` int(11) NOT NULL DEFAULT 0,
  `status` int(1) NOT NULL DEFAULT 0,
  `process_name` varchar(100) NOT NULL DEFAULT '0',
  `process_order` int(3) NOT NULL DEFAULT 0,
  `description` varchar(255) NOT NULL DEFAULT '0',
  `created_at` varchar(20) NOT NULL DEFAULT current_timestamp(),
  PRIMARY KEY (`id`)
) ENGINE=InnoDB AUTO_INCREMENT=9 DEFAULT CHARSET=latin5 COLLATE=latin5_turkish_ci;

-- mbeyazil_puantoryeni.mission_process: ~0 rows (yaklaşık) tablosu için veriler indiriliyor
DELETE FROM `mission_process`;

-- tablo yapısı dökülüyor mbeyazil_puantoryeni.mission_process_mapping
DROP TABLE IF EXISTS `mission_process_mapping`;
CREATE TABLE IF NOT EXISTS `mission_process_mapping` (
  `id` int(11) NOT NULL AUTO_INCREMENT,
  `mission_id` int(11) NOT NULL,
  `process_id` int(11) NOT NULL,
  `process_order` int(11) NOT NULL,
  `created_at` varchar(20) DEFAULT current_timestamp(),
  PRIMARY KEY (`id`)
) ENGINE=InnoDB AUTO_INCREMENT=13 DEFAULT CHARSET=latin5 COLLATE=latin5_turkish_ci;

-- mbeyazil_puantoryeni.mission_process_mapping: ~0 rows (yaklaşık) tablosu için veriler indiriliyor
DELETE FROM `mission_process_mapping`;

-- tablo yapısı dökülüyor mbeyazil_puantoryeni.myfirms
DROP TABLE IF EXISTS `myfirms`;
CREATE TABLE IF NOT EXISTS `myfirms` (
  `id` int(11) NOT NULL AUTO_INCREMENT,
  `user_id` int(11) NOT NULL DEFAULT 0,
  `firm_name` varchar(255) NOT NULL DEFAULT '0',
  `phone` varchar(255) NOT NULL DEFAULT '0',
  `email` varchar(255) NOT NULL DEFAULT '0',
  `start_budget` float NOT NULL DEFAULT 0,
  `brand_logo` varchar(255) NOT NULL DEFAULT '0',
  `description` varchar(255) NOT NULL DEFAULT '0',
  `created_at` varchar(20) NOT NULL DEFAULT current_timestamp(),
  `creator` int(11) NOT NULL DEFAULT 0,
  `deleted_at` varchar(255) NOT NULL DEFAULT '0',
  PRIMARY KEY (`id`)
) ENGINE=InnoDB AUTO_INCREMENT=12 DEFAULT CHARSET=latin5 COLLATE=latin5_turkish_ci;

-- mbeyazil_puantoryeni.myfirms: ~4 rows (yaklaşık) tablosu için veriler indiriliyor
DELETE FROM `myfirms`;
INSERT INTO `myfirms` (`id`, `user_id`, `firm_name`, `phone`, `email`, `start_budget`, `brand_logo`, `description`, `created_at`, `creator`, `deleted_at`) VALUES
	(8, 7, 'Mbe Yazılım', '0', '0', 0, '0', '0', '2024-10-28 22:21:05', 0, '0'),
	(9, 8, 'sdf', '0', '0', 0, '0', '0', '2024-10-28 22:23:35', 0, '0'),
	(10, 9, 'fgdfg', '0', '0', 0, '0', '0', '2024-10-28 22:24:54', 0, '0'),
	(11, 10, 'Gokmen Yazılım Hizmetleri', '0', 'mbeyazilim@gmail.com', 0, '67211c302ebed03.png', '0', '2024-10-29 14:28:48', 10, '0');

-- tablo yapısı dökülüyor mbeyazil_puantoryeni.password_resets
DROP TABLE IF EXISTS `password_resets`;
CREATE TABLE IF NOT EXISTS `password_resets` (
  `id` int(11) NOT NULL AUTO_INCREMENT,
  `email` varchar(60) NOT NULL DEFAULT '0',
  `token` varchar(90) NOT NULL DEFAULT '0',
  `created_at` varchar(50) NOT NULL DEFAULT current_timestamp(),
  PRIMARY KEY (`id`)
) ENGINE=InnoDB AUTO_INCREMENT=18 DEFAULT CHARSET=latin5 COLLATE=latin5_turkish_ci;

-- mbeyazil_puantoryeni.password_resets: ~1 rows (yaklaşık) tablosu için veriler indiriliyor
DELETE FROM `password_resets`;
INSERT INTO `password_resets` (`id`, `email`, `token`, `created_at`) VALUES
	(17, 'beyzade83@hotmail.com', '3aebd031671764500d06d48683a1a814c7d92b668e17390212ae1361c2c1e0b1', '2024-10-25 21:26:55');

-- tablo yapısı dökülüyor mbeyazil_puantoryeni.persons
DROP TABLE IF EXISTS `persons`;
CREATE TABLE IF NOT EXISTS `persons` (
  `id` int(255) unsigned NOT NULL AUTO_INCREMENT,
  `firm_id` varchar(25) DEFAULT NULL,
  `full_name` varchar(25) DEFAULT NULL,
  `kimlik_no` bigint(10) DEFAULT NULL,
  `sigorta_no` bigint(10) DEFAULT NULL,
  `phone` varchar(12) DEFAULT NULL,
  `address` varchar(12) DEFAULT NULL,
  `project_id` varchar(255) DEFAULT NULL,
  `company_id` bigint(255) NOT NULL,
  `daily_wages` decimal(20,2) DEFAULT NULL,
  `iban_number` varchar(26) DEFAULT NULL,
  `wage_type` tinyint(1) DEFAULT NULL,
  `job_start_date` varchar(10) NOT NULL,
  `job_end_date` varchar(10) DEFAULT NULL,
  `job` varchar(40) DEFAULT NULL,
  `state` varchar(5) DEFAULT NULL,
  `email` varchar(33) DEFAULT NULL,
  `job_group` varchar(33) DEFAULT NULL,
  `description` varchar(255) DEFAULT NULL,
  PRIMARY KEY (`id`),
  UNIQUE KEY `kimlik_no` (`kimlik_no`,`phone`) USING BTREE
) ENGINE=InnoDB AUTO_INCREMENT=6 DEFAULT CHARSET=utf8 COLLATE=utf8_general_ci;

-- mbeyazil_puantoryeni.persons: ~5 rows (yaklaşık) tablosu için veriler indiriliyor
DELETE FROM `persons`;
INSERT INTO `persons` (`id`, `firm_id`, `full_name`, `kimlik_no`, `sigorta_no`, `phone`, `address`, `project_id`, `company_id`, `daily_wages`, `iban_number`, `wage_type`, `job_start_date`, `job_end_date`, `job`, `state`, `email`, `job_group`, `description`) VALUES
	(1, '11', 'Ahmet Yılmaz', 12345678901, NULL, '0500 123 45 ', 'İstanbul, Ca', NULL, 0, 30000.00, 'TR123456789012345678901234', 1, '04.10.2024', '', '', NULL, 'ahmet.yilmaz@example.com', '', 'İş deneyimi var.'),
	(2, '11', 'Elif Demir', 23456789012, NULL, '0501 234 56 ', 'Ankara, Soka', NULL, 0, 1800.00, 'TR234567890123456789012345', 2, '10.10.2024', '23.10.2024', 'Çaycı', NULL, 'elif.demir@example.com', '', 'Hızlı öğrenir.'),
	(3, '11', 'Mehmet Korkmaz', 34567890123, NULL, '0502 345 67 ', 'İzmir, Mahal', NULL, 0, 1200.00, 'TR345678901234567890123456', 2, '03.10.2024', '', 'Demirci', NULL, 'mehmet.korkmaz@example.com', '', 'Takım çalışmasına yatkın.'),
	(4, '11', 'Zeynep Arslan', 45678901234, NULL, '0503 456 78 ', 'Bursa, Cadde', NULL, 0, 1600.00, 'TR456789012345678901234567', 2, '10.04.2023', NULL, NULL, NULL, 'zeynep.arslan@example.com', NULL, 'İletişim becerisi yüksek.'),
	(5, '11', 'Canan Çelik', 56789012345, NULL, '0504 567 89 ', 'Antalya, Sok', NULL, 0, 1400.00, 'TR567890123456789012345678', 2, '12.05.2023', '', '', NULL, 'canan.celik@example.com', '', 'Yaratıcı düşünür.');

-- tablo yapısı dökülüyor mbeyazil_puantoryeni.person_daily_wages
DROP TABLE IF EXISTS `person_daily_wages`;
CREATE TABLE IF NOT EXISTS `person_daily_wages` (
  `id` int(11) NOT NULL AUTO_INCREMENT,
  `person_id` int(11) DEFAULT NULL,
  `wage_name` varchar(255) DEFAULT NULL,
  `start_date` varchar(8) DEFAULT NULL,
  `end_date` varchar(8) DEFAULT NULL,
  `amount` decimal(20,4) DEFAULT NULL,
  `description` varchar(255) DEFAULT NULL,
  `created_at` datetime DEFAULT current_timestamp(),
  PRIMARY KEY (`id`)
) ENGINE=InnoDB AUTO_INCREMENT=74 DEFAULT CHARSET=latin5 COLLATE=latin5_turkish_ci;

-- mbeyazil_puantoryeni.person_daily_wages: ~1 rows (yaklaşık) tablosu için veriler indiriliyor
DELETE FROM `person_daily_wages`;
INSERT INTO `person_daily_wages` (`id`, `person_id`, `wage_name`, `start_date`, `end_date`, `amount`, `description`, `created_at`) VALUES
	(73, 4, 'Kasım Ücret', '20241101', '20241115', 2500.0000, '', '2024-11-01 20:36:31');

-- tablo yapısı dökülüyor mbeyazil_puantoryeni.projects
DROP TABLE IF EXISTS `projects`;
CREATE TABLE IF NOT EXISTS `projects` (
  `id` int(11) NOT NULL AUTO_INCREMENT,
  `type` int(2) NOT NULL,
  `account_id` int(255) NOT NULL,
  `company_id` int(11) DEFAULT NULL,
  `firm_id` int(255) DEFAULT NULL,
  `project_name` varchar(255) DEFAULT NULL,
  `budget` decimal(10,2) DEFAULT NULL,
  `city` int(4) DEFAULT NULL,
  `town` int(6) DEFAULT NULL,
  `address` varchar(255) DEFAULT NULL,
  `phone` varchar(255) DEFAULT NULL,
  `email` varchar(255) DEFAULT NULL,
  `account_number` varchar(100) DEFAULT NULL,
  `notes` text DEFAULT NULL,
  `start_date` varchar(10) DEFAULT NULL,
  `project_file` varchar(255) DEFAULT NULL,
  `creator` varchar(255) DEFAULT NULL,
  `created_at` date NOT NULL DEFAULT current_timestamp(),
  PRIMARY KEY (`id`)
) ENGINE=InnoDB AUTO_INCREMENT=59 DEFAULT CHARSET=utf8mb4 COLLATE=utf8mb4_general_ci;

-- mbeyazil_puantoryeni.projects: ~1 rows (yaklaşık) tablosu için veriler indiriliyor
DELETE FROM `projects`;
INSERT INTO `projects` (`id`, `type`, `account_id`, `company_id`, `firm_id`, `project_name`, `budget`, `city`, `town`, `address`, `phone`, `email`, `account_number`, `notes`, `start_date`, `project_file`, `creator`, `created_at`) VALUES
	(58, 0, 0, 11, NULL, 'Akka Ges', 0.00, 0, 0, '', '', '', '', NULL, '', NULL, NULL, '2024-10-31');

-- tablo yapısı dökülüyor mbeyazil_puantoryeni.project_gelir_gider
DROP TABLE IF EXISTS `project_gelir_gider`;
CREATE TABLE IF NOT EXISTS `project_gelir_gider` (
  `id` int(11) NOT NULL AUTO_INCREMENT,
  `firm_id` int(11) NOT NULL DEFAULT 0,
  `project_id` int(11) DEFAULT NULL,
  `tarih` varchar(50) DEFAULT NULL,
  `ay` int(11) DEFAULT NULL,
  `yil` int(11) DEFAULT NULL,
  `tutar` int(11) DEFAULT NULL,
  `kategori` int(11) DEFAULT NULL,
  `turu` varchar(50) DEFAULT NULL,
  `aciklama` varchar(255) DEFAULT NULL,
  `created_at` datetime DEFAULT current_timestamp(),
  PRIMARY KEY (`id`)
) ENGINE=InnoDB AUTO_INCREMENT=13 DEFAULT CHARSET=latin5 COLLATE=latin5_turkish_ci;

-- mbeyazil_puantoryeni.project_gelir_gider: ~0 rows (yaklaşık) tablosu için veriler indiriliyor
DELETE FROM `project_gelir_gider`;

-- tablo yapısı dökülüyor mbeyazil_puantoryeni.project_person
DROP TABLE IF EXISTS `project_person`;
CREATE TABLE IF NOT EXISTS `project_person` (
  `id` bigint(20) NOT NULL AUTO_INCREMENT,
  `project_id` int(11) DEFAULT NULL,
  `person_id` varchar(50) DEFAULT NULL,
  `state` int(11) DEFAULT NULL,
  `create_date` timestamp NOT NULL DEFAULT current_timestamp() ON UPDATE current_timestamp(),
  PRIMARY KEY (`id`)
) ENGINE=InnoDB AUTO_INCREMENT=102 DEFAULT CHARSET=utf8mb4 COLLATE=utf8mb4_general_ci;

-- mbeyazil_puantoryeni.project_person: ~1 rows (yaklaşık) tablosu için veriler indiriliyor
DELETE FROM `project_person`;
INSERT INTO `project_person` (`id`, `project_id`, `person_id`, `state`, `create_date`) VALUES
	(101, 58, '2,4', 1, '2024-10-31 05:12:30');

-- tablo yapısı dökülüyor mbeyazil_puantoryeni.puantaj
DROP TABLE IF EXISTS `puantaj`;
CREATE TABLE IF NOT EXISTS `puantaj` (
  `id` int(20) NOT NULL AUTO_INCREMENT,
  `company_id` int(255) NOT NULL,
  `project_id` int(255) NOT NULL,
  `person` varchar(255) NOT NULL,
  `puantaj_id` int(1) DEFAULT 1,
  `gun` varchar(50) DEFAULT NULL,
  `saat` decimal(4,2) DEFAULT NULL,
  `tutar` decimal(20,2) DEFAULT NULL,
  `description` varchar(255) DEFAULT NULL,
  `created_at` varchar(30) NOT NULL DEFAULT current_timestamp(),
  `updated_at` varchar(30) NOT NULL,
  PRIMARY KEY (`id`)
) ENGINE=InnoDB AUTO_INCREMENT=1650 DEFAULT CHARSET=utf8mb4 COLLATE=utf8mb4_general_ci;

-- mbeyazil_puantoryeni.puantaj: ~79 rows (yaklaşık) tablosu için veriler indiriliyor
DELETE FROM `puantaj`;
INSERT INTO `puantaj` (`id`, `company_id`, `project_id`, `person`, `puantaj_id`, `gun`, `saat`, `tutar`, `description`, `created_at`, `updated_at`) VALUES
	(1571, 0, 0, '2', 53, '20241013', 0.00, 0.00, '0', '2024-10-31 08:10:36', ''),
	(1572, 0, 0, '2', 53, '20241020', 0.00, 0.00, '0', '2024-10-31 08:10:36', ''),
	(1573, 0, 0, '3', 53, '20241006', 0.00, 0.00, '0', '2024-10-31 08:10:36', ''),
	(1574, 0, 0, '3', 22, '20241007', 10.00, 1200.00, '0', '2024-10-31 08:10:36', ''),
	(1575, 0, 0, '3', 22, '20241008', 10.00, 1200.00, '0', '2024-10-31 08:10:36', ''),
	(1576, 0, 0, '3', 22, '20241009', 10.00, 1200.00, '0', '2024-10-31 08:10:36', ''),
	(1577, 0, 0, '3', 22, '20241010', 10.00, 1200.00, '0', '2024-10-31 08:10:36', ''),
	(1578, 0, 0, '3', 22, '20241011', 10.00, 1200.00, '0', '2024-10-31 08:10:36', ''),
	(1579, 0, 0, '3', 22, '20241012', 10.00, 1200.00, '0', '2024-10-31 08:10:36', ''),
	(1580, 0, 0, '3', 53, '20241013', 0.00, 0.00, '0', '2024-10-31 08:10:36', ''),
	(1581, 0, 0, '3', 53, '20241020', 0.00, 0.00, '0', '2024-10-31 08:10:36', ''),
	(1582, 0, 0, '3', 53, '20241027', 0.00, 0.00, '0', '2024-10-31 08:10:36', ''),
	(1583, 0, 0, '4', 53, '20241006', 0.00, 0.00, '0', '2024-10-31 08:10:36', ''),
	(1584, 0, 0, '4', 53, '20241013', 0.00, 0.00, '0', '2024-10-31 08:10:36', ''),
	(1585, 0, 0, '4', 53, '20241020', 0.00, 0.00, '0', '2024-10-31 08:10:36', ''),
	(1586, 0, 0, '4', 53, '20241027', 0.00, 0.00, '0', '2024-10-31 08:10:36', ''),
	(1587, 0, 0, '5', 53, '20241006', 0.00, 0.00, '0', '2024-10-31 08:10:36', ''),
	(1588, 0, 0, '5', 53, '20241013', 0.00, 0.00, '0', '2024-10-31 08:10:36', ''),
	(1589, 0, 0, '5', 53, '20241020', 0.00, 0.00, '0', '2024-10-31 08:10:36', ''),
	(1590, 0, 0, '5', 53, '20241027', 0.00, 0.00, '0', '2024-10-31 08:10:36', ''),
	(1591, 0, 0, '4', 22, '20241007', 10.00, 1600.00, '0', '2024-10-31 08:11:52', ''),
	(1592, 0, 0, '4', 22, '20241008', 10.00, 1600.00, '0', '2024-10-31 08:11:52', ''),
	(1593, 0, 0, '4', 22, '20241009', 10.00, 1600.00, '0', '2024-10-31 08:11:52', ''),
	(1594, 0, 0, '4', 22, '20241010', 10.00, 1600.00, '0', '2024-10-31 08:11:52', ''),
	(1595, 0, 0, '4', 22, '20241011', 10.00, 1600.00, '0', '2024-10-31 08:11:52', ''),
	(1596, 0, 58, '2', 22, '20241014', 10.00, 1800.00, '0', '2024-10-31 08:12:41', ''),
	(1597, 0, 58, '2', 22, '20241015', 10.00, 1800.00, '0', '2024-10-31 08:12:41', ''),
	(1598, 0, 58, '2', 22, '20241016', 10.00, 1800.00, '0', '2024-10-31 08:12:41', ''),
	(1599, 0, 58, '2', 22, '20241017', 10.00, 1800.00, '0', '2024-10-31 08:12:41', ''),
	(1600, 0, 58, '2', 22, '20241018', 10.00, 1800.00, '0', '2024-10-31 08:12:41', ''),
	(1601, 0, 58, '2', 22, '20241019', 10.00, 1800.00, '0', '2024-10-31 08:12:41', ''),
	(1602, 0, 0, '5', 22, '20241007', 10.00, 1400.00, '0', '2024-10-31 23:54:44', ''),
	(1603, 0, 0, '5', 22, '20241008', 10.00, 1400.00, '0', '2024-10-31 23:54:44', ''),
	(1604, 0, 0, '5', 22, '20241009', 10.00, 1400.00, '0', '2024-10-31 23:54:44', ''),
	(1605, 0, 0, '5', 22, '20241010', 10.00, 1400.00, '0', '2024-10-31 23:54:44', ''),
	(1606, 0, 0, '5', 22, '20241011', 10.00, 1400.00, '0', '2024-10-31 23:54:44', ''),
	(1607, 0, 0, '5', 22, '20241012', 10.00, 1400.00, '0', '2024-10-31 23:54:44', ''),
	(1608, 0, 0, '3', 53, '20241103', 0.00, 0.00, '0', '2024-11-01 00:13:18', ''),
	(1609, 0, 0, '3', 22, '20241104', 10.00, 1200.00, '0', '2024-11-01 00:13:18', ''),
	(1610, 0, 0, '3', 22, '20241105', 10.00, 1200.00, '0', '2024-11-01 00:13:18', ''),
	(1611, 0, 0, '3', 22, '20241106', 10.00, 1200.00, '0', '2024-11-01 00:13:18', ''),
	(1612, 0, 0, '3', 22, '20241107', 10.00, 1200.00, '0', '2024-11-01 00:13:18', ''),
	(1613, 0, 0, '3', 22, '20241108', 10.00, 1200.00, '0', '2024-11-01 00:13:18', ''),
	(1614, 0, 0, '3', 22, '20241109', 10.00, 1200.00, '0', '2024-11-01 00:13:18', ''),
	(1615, 0, 0, '3', 53, '20241110', 0.00, 0.00, '0', '2024-11-01 00:13:18', ''),
	(1616, 0, 0, '3', 53, '20241117', 0.00, 0.00, '0', '2024-11-01 00:13:18', ''),
	(1617, 0, 0, '3', 53, '20241124', 0.00, 0.00, '0', '2024-11-01 00:13:18', ''),
	(1618, 0, 0, '4', 53, '20241103', 0.00, 0.00, '2500.0000', '2024-11-01 00:13:18', ''),
	(1619, 0, 0, '4', 53, '20241110', 0.00, 0.00, '2500.0000', '2024-11-01 00:13:18', ''),
	(1620, 0, 0, '4', 53, '20241117', 0.00, 0.00, '0', '2024-11-01 00:13:18', ''),
	(1621, 0, 0, '4', 53, '20241124', 0.00, 0.00, '0', '2024-11-01 00:13:18', ''),
	(1622, 0, 0, '5', 53, '20241103', 0.00, 0.00, '0', '2024-11-01 00:13:18', ''),
	(1623, 0, 0, '5', 53, '20241110', 0.00, 0.00, '0', '2024-11-01 00:13:18', ''),
	(1624, 0, 0, '5', 53, '20241117', 0.00, 0.00, '0', '2024-11-01 00:13:18', ''),
	(1625, 0, 0, '5', 53, '20241124', 0.00, 0.00, '0', '2024-11-01 00:13:18', ''),
	(1626, 0, 0, '5', 22, '20241104', 10.00, 1400.00, '0', '2024-11-01 09:59:43', ''),
	(1627, 0, 0, '5', 22, '20241105', 10.00, 1400.00, '0', '2024-11-01 09:59:43', ''),
	(1628, 0, 0, '5', 22, '20241106', 10.00, 1400.00, '0', '2024-11-01 09:59:43', ''),
	(1629, 0, 0, '5', 22, '20241107', 10.00, 1400.00, '0', '2024-11-01 09:59:43', ''),
	(1630, 0, 0, '5', 22, '20241108', 10.00, 1400.00, '0', '2024-11-01 09:59:43', ''),
	(1631, 0, 0, '5', 22, '20241109', 10.00, 1400.00, '0', '2024-11-01 09:59:43', ''),
	(1632, 0, 58, '4', 24, '20241104', 20.00, 5000.00, '2500.0000', '2024-11-01 20:34:56', ''),
	(1633, 0, 58, '4', 24, '20241105', 20.00, 5000.00, '2500.0000', '2024-11-01 20:34:56', ''),
	(1634, 0, 58, '4', 24, '20241106', 20.00, 5000.00, '2500.0000', '2024-11-01 20:34:56', ''),
	(1635, 0, 58, '4', 24, '20241107', 20.00, 5000.00, '2500.0000', '2024-11-01 20:34:56', ''),
	(1636, 0, 58, '4', 24, '20241108', 20.00, 5000.00, '2500.0000', '2024-11-01 20:34:56', ''),
	(1637, 0, 58, '4', 24, '20241109', 20.00, 5000.00, '2500.0000', '2024-11-01 20:34:56', ''),
	(1638, 0, 58, '4', 22, '20241111', 10.00, 2500.00, '2500.0000', '2024-11-01 20:35:05', ''),
	(1639, 0, 58, '4', 22, '20241112', 10.00, 2500.00, '2500.0000', '2024-11-01 20:35:05', ''),
	(1640, 0, 58, '4', 22, '20241113', 10.00, 2500.00, '2500.0000', '2024-11-01 20:35:05', ''),
	(1641, 0, 58, '4', 22, '20241114', 10.00, 2500.00, '2500.0000', '2024-11-01 20:35:05', ''),
	(1642, 0, 58, '4', 22, '20241115', 10.00, 2500.00, '2500.0000', '2024-11-01 20:35:05', ''),
	(1643, 0, 58, '4', 22, '20241116', 10.00, 1600.00, '0', '2024-11-01 20:35:05', ''),
	(1644, 0, 58, '4', 22, '20241118', 10.00, 1600.00, '0', '2024-11-01 20:35:05', ''),
	(1645, 0, 0, '4', 22, '20241119', 10.00, 1600.00, '0', '2024-11-01 20:38:02', ''),
	(1646, 0, 0, '4', 22, '20241120', 10.00, 1600.00, '0', '2024-11-01 20:38:02', ''),
	(1647, 0, 0, '4', 22, '20241121', 10.00, 1600.00, '0', '2024-11-01 20:38:02', ''),
	(1648, 0, 0, '4', 22, '20241122', 10.00, 1600.00, '0', '2024-11-01 20:38:02', ''),
	(1649, 0, 0, '4', 22, '20241123', 10.00, 1600.00, '0', '2024-11-01 20:38:02', '');

-- tablo yapısı dökülüyor mbeyazil_puantoryeni.puantajturu
DROP TABLE IF EXISTS `puantajturu`;
CREATE TABLE IF NOT EXISTS `puantajturu` (
  `id` int(2) NOT NULL AUTO_INCREMENT,
  `PuantajAdi` varchar(55) DEFAULT NULL,
  `PuantajKod` varchar(6) DEFAULT NULL,
  `PuantajSaati` double DEFAULT NULL,
  `operant` varchar(1) DEFAULT NULL,
  `EklenecekSaat` double(4,2) DEFAULT NULL,
  `Turu` varchar(14) DEFAULT NULL,
  `FontRengi` varchar(7) DEFAULT NULL,
  `ArkaPlanRengi` varchar(7) DEFAULT NULL,
  `isActive` int(1) DEFAULT NULL,
  `IzinRapor` int(1) DEFAULT NULL,
  PRIMARY KEY (`id`)
) ENGINE=InnoDB AUTO_INCREMENT=60 DEFAULT CHARSET=utf8 COLLATE=utf8_general_ci;

-- mbeyazil_puantoryeni.puantajturu: ~59 rows (yaklaşık) tablosu için veriler indiriliyor
DELETE FROM `puantajturu`;
INSERT INTO `puantajturu` (`id`, `PuantajAdi`, `PuantajKod`, `PuantajSaati`, `operant`, `EklenecekSaat`, `Turu`, `FontRengi`, `ArkaPlanRengi`, `isActive`, `IzinRapor`) VALUES
	(1, '0,5 Yarım Fazla Çalışma', 'X05', 8.5, '+', 0.50, 'Fazla Çalışma', '#080808', '#f9f4fe', 1, 0),
	(2, '1 Saat Fazla Çalışma', 'X1', 9, '+', 1.00, 'Fazla Çalışma', '#080808', '#ecdefd', 1, 0),
	(3, '1,5 Saat Fazla Çalışma', 'X15', 9.5, '+', 1.50, 'Fazla Çalışma', '#080808', '#dfc8fc', 1, 0),
	(4, '2 Saat Fazla Çalışma', 'X2', 10, '+', 2.00, 'Fazla Çalışma', '#080808', '#d3b2fb', 1, 0),
	(5, '2,5 Saat Fazla Çalışma', 'X25', 10.5, '+', 2.50, 'Fazla Çalışma', '#080808', '#c69cf9', 1, 0),
	(6, '3 Saat Fazla Çalışma', 'X3', 11, '+', 3.00, 'Fazla Çalışma', '#080808', '#ba86f8', 1, 0),
	(7, '3,5 Saat Fazla Çalışma', 'X35', 11.5, '+', 3.50, 'Fazla Çalışma', '#FFFAF5', '#ad70f7', 1, 0),
	(8, '4 Saat Fazla Çalışma', 'X4', 12, '+', 4.00, 'Fazla Çalışma', '#FFFAF6', '#a05af6', 1, 0),
	(9, '4,5 Saat Fazla Çalışma', 'X45', 12.5, '+', 4.50, 'Fazla Çalışma', '#FFFAF6', '#9445f4', 1, 0),
	(10, '5 Saat Fazla Çalışma', 'X5', 13, '+', 5.00, 'Fazla Çalışma', '#FFFAF7', '#872ff3', 1, 0),
	(11, '5,5 Saat Fazla Çalışma', 'X55', 13.5, '+', 5.50, 'Fazla Çalışma', '#FFFAF7', '#7b19f2', 1, 0),
	(12, '6 Saat Fazla Çalışma', 'X6', 14, '+', 6.00, 'Fazla Çalışma', '#FFFAF8', '#6f0de6', 1, 0),
	(13, '6,5 Saat Fazla Çalışma', 'X65', 14.5, '+', 6.50, 'Fazla Çalışma', '#FFFAF8', '#640cd0', 1, 0),
	(14, '7 Saat Fazla Çalışma', 'X7', 15, '+', 7.00, 'Fazla Çalışma', '#FFFAF9', '#5a0bba', 1, 0),
	(15, '7,5 Saat Fazla Çalışma', 'X7', 15, '+', 7.50, 'Fazla Çalışma', '#FFFAF9', '#4f09a4', 1, 0),
	(16, '8 Saat Fazla Çalışma', 'X8', 16, '+', 8.00, 'Fazla Çalışma', '#FFFAF1', '#45088f', 1, 0),
	(17, '8,5 Saat Fazla Çalışma', 'X85', 16.5, '+', 8.50, 'Fazla Çalışma', '#FFFAF1', '#3a0779', 1, 0),
	(18, '9 Saat Fazla Çalışma', 'X9', 17, '+', 9.00, 'Fazla Çalışma', '#FFFAF1', '#300663', 1, 0),
	(19, '9,5 Saat Fazla Çalışma', 'X95', 17.5, '+', 9.50, 'Fazla Çalışma', '#FFFAF1', '#1a0337', 1, 0),
	(20, '10 Saat Fazla Çalışma', 'X10', 18, '+', 10.00, 'Fazla Çalışma', '#FFFAF1', '#100221', 1, 0),
	(21, 'Yarım Çalışma', 'X/2', 4, '/', 2.00, 'Normal Çalışma', '#FFFFFF', '#4a7ef5', 0, 0),
	(22, 'Mevcut', 'X', 8, '+', 0.00, 'Normal Çalışma', '#FFFAF4', '#2261f2', 0, 0),
	(23, '1,5 Kat Ücret', '15X', 12, '*', 1.50, 'Normal Çalışma', '#FFFAF4', '#0d4cdd', 0, 0),
	(24, 'Çift Ücret', '2X', 16, '*', 2.00, 'Normal Çalışma', '#FFFAF4', '#0a3eb5', 1, 1),
	(25, '2,5 Kat Ücret', '25X', 20, '*', 2.50, 'Normal Çalışma', '#FFFAF4', '#08308d', 1, 1),
	(26, '3 Günlük Ücret', '3X', 24, '*', 3.00, 'Normal Çalışma', '#FFFAF4', '#062265', 1, 0),
	(27, '1 Saat', 'S1', 1, NULL, NULL, 'Saatlik', '#080808', '#f4fefa', 1, 0),
	(28, '1,5 Saat Çalışma', 'S15', 1.5, NULL, NULL, 'Saatlik', '#080808', '#defdef', 1, 0),
	(29, '2 Saat Çalışma', 'S2', 2, NULL, NULL, 'Saatlik', '#080808', '#c8fce4', 1, 0),
	(30, '2,5 Saat Çalışma', 'S25', 2.5, NULL, NULL, 'Saatlik', '#080808', '#b2fbd9', 1, 0),
	(31, '3 Saat Çalışma', 'S3', 3, NULL, NULL, 'Saatlik', '#080808', '#9cf9ce', 1, 0),
	(32, '3,5 Saat Çalışma', 'S35', 3.5, NULL, NULL, 'Saatlik', '#080808', '#86f8c3', 1, 0),
	(33, '4 Saat Çalışma', 'S4', 4, NULL, NULL, 'Saatlik', '#080808', '#70f7b8', 1, 0),
	(34, '4,5 Saat Çalışma', 'S45', 4.5, NULL, NULL, 'Saatlik', '#080808', '#5af6ad', 1, 0),
	(35, '5 Saat Çalışma', 'S5', 5, NULL, NULL, 'Saatlik', '#080808', '#45f4a2', 1, 0),
	(36, '6 Saat Çalışma', 'S6', 6, NULL, NULL, 'Saatlik', '#080808', '#2ff397', 1, 0),
	(37, '6,5 Saat Çalışma', 'S65', 6.5, NULL, NULL, 'Saatlik', '#080808', '#19f28c', 1, 0),
	(38, '7 Saat Çalışma', 'S7', 7, NULL, NULL, 'Saatlik', '#080808', '#0de681', 1, 0),
	(39, '7,5 Saat Çalışma', 'S75', 7.5, NULL, NULL, 'Saatlik', '#FFFAF4', '#0cd075', 1, 0),
	(40, '8 Saat Çalışma', 'S8', 8, NULL, NULL, 'Saatlik', '#FFFAF4', '#0bba68', 1, 0),
	(41, '8,5 Saat Çalışma', 'S85', 8.5, NULL, NULL, 'Saatlik', '#FFFAF4', '#09a45c', 1, 0),
	(42, '9 Saat Çalışma', 'S9', 9, NULL, NULL, 'Saatlik', '#FFFAF4', '#088f50', 1, 0),
	(43, '9,5 Saat Çalışma', 'S95', 9.5, NULL, NULL, 'Saatlik', '#FFFAF4', '#077943', 1, 0),
	(44, '10 Saat Çalışma', 'S10', 10, NULL, NULL, 'Saatlik', '#FFFAF4', '#066337', 1, 0),
	(45, 'Yıllık İzin', 'Yİ', 8, '*', 1.00, 'Ücretli İzin', '#FFFAF4', '#f99cd7', 1, 1),
	(46, 'Rapor(Ücretli)', 'R+', 8, '*', 1.00, 'Ücretli İzin', '#3C486B', '#f886ce', 1, 0),
	(47, 'Evlilik İzni', 'Eİ', 8, '*', 1.00, 'Ücretli İzin', '#FFFAF4', '#f770c5', 1, 0),
	(48, 'Babalık İzni', 'Bİ', 8, '*', 1.00, 'Ücretli İzin', '#FFFAF4', '#f770c5', 0, 0),
	(49, 'Yıllık İzin Yarım', 'Yİ/2', 4, '/', 2.00, 'Ücretli İzin', '#FFFAF4', '#f445b4', 0, 0),
	(50, 'Mesai İzni', 'M', 8, '*', 1.00, 'Ücretli İzin', '#FFFAF4', '#f32fab', 0, 0),
	(51, 'Devamsız', 'DVZ', 0, '*', 0.00, 'Ücretsiz', '#FFFAF4', '#f44545', 1, 0),
	(52, 'Ücretsiz İzin', 'Uİ', 0, '*', 0.00, 'Ücretsiz', '#222', '#fbb2b2', 0, 1),
	(53, 'Hafta Tatili', 'HT', 0, '*', 0.00, 'Ücretsiz', '#FFFAF4', '#98A88e', 1, 0),
	(54, 'Resmi Tatil', 'RT', 0, '*', 0.00, 'Ücretsiz', '#FFFAF4', '#19f2bb', 1, 0),
	(55, 'İşten Çıkış', 'CKS', 0, '*', 0.00, 'Ücretsiz', '#FFFAF4', '#f2a219', 0, 0),
	(56, 'Rapor(Ücretsiz)', 'R-', 0, '*', 0.00, 'Ücretsiz', '#FFFAF4', '#634006', 1, 0),
	(57, 'Rapor', 'R', 0, '*', 0.00, 'Ücretsiz', '#FFFAF4', '#794f07', 0, 1),
	(58, '5,5 Saat Çalışma', 'S55', 5.5, NULL, NULL, 'Saatlik', '#080808', '#45f4a2', 1, NULL),
	(59, 'Yarım Saat Çalışma', 'S05', 0.5, NULL, NULL, 'Saatlik', '#080808', '#f4fefa', NULL, NULL);

-- tablo yapısı dökülüyor mbeyazil_puantoryeni.role_auths
DROP TABLE IF EXISTS `role_auths`;
CREATE TABLE IF NOT EXISTS `role_auths` (
  `id` int(25) NOT NULL AUTO_INCREMENT,
  `role_id` int(10) NOT NULL,
  `auth_ids` text NOT NULL,
  PRIMARY KEY (`id`)
) ENGINE=InnoDB AUTO_INCREMENT=12 DEFAULT CHARSET=utf8mb4 COLLATE=utf8mb4_general_ci;

-- mbeyazil_puantoryeni.role_auths: ~4 rows (yaklaşık) tablosu için veriler indiriliyor
DELETE FROM `role_auths`;
INSERT INTO `role_auths` (`id`, `role_id`, `auth_ids`) VALUES
	(8, 8, '1,2,3,4,5,6,7,8,9,10,11,12,13,14,15,16,17,18,19,20,21,22,23,24,25,26,27,28,29,30,31,32,33,34,35,36,37,38,39,78,79,80,81,82,83,84,85,86,87,88,89,90,91,92,93,94'),
	(9, 9, '1,2,3,4,5,6,7,8,9,10,11,12,13,14,15,16,17,18,19,20,21,22,23,24,25,26,27,28,29,30,31,32,33,34,35,36,37,38,39,78,79,80,81,82,83,84,85,86,87,88,89,90,91,92,93,94'),
	(10, 10, '1,2,3,4,5,6,7,8,9,10,11,12,13,14,15,16,17,18,19,20,21,22,23,24,25,26,27,28,29,30,31,32,33,34,35,36,37,38,39,78,79,80,81,82,83,84,85,86,87,88,89,90,91,92,93,94'),
	(11, 11, '1,38,2,39,3,79,80,81,4,28,92,93,94,5,31,6,29,7,23,8,30,9,26,27,83,84,10,32,33,34,35,36,37,11,18,19,20,21,22,82,12,95,25,86,87,88,89,90,91,96,85,24,78');

-- tablo yapısı dökülüyor mbeyazil_puantoryeni.settings
DROP TABLE IF EXISTS `settings`;
CREATE TABLE IF NOT EXISTS `settings` (
  `id` int(11) NOT NULL AUTO_INCREMENT,
  `firm_id` int(11) NOT NULL DEFAULT 0,
  `user_id` int(11) NOT NULL DEFAULT 0,
  `set_name` varchar(100) DEFAULT NULL,
  `set_value` varchar(100) DEFAULT NULL,
  PRIMARY KEY (`id`)
) ENGINE=InnoDB AUTO_INCREMENT=24 DEFAULT CHARSET=latin5 COLLATE=latin5_turkish_ci;

-- mbeyazil_puantoryeni.settings: ~2 rows (yaklaşık) tablosu için veriler indiriliyor
DELETE FROM `settings`;
INSERT INTO `settings` (`id`, `firm_id`, `user_id`, `set_name`, `set_value`) VALUES
	(20, 11, 10, 'loginde_mail_gonder', '1'),
	(23, 11, 10, 'work_hour', '10');

-- görünüm yapısı dökülüyor mbeyazil_puantoryeni.sqlmaas_gelir_kesinti
DROP VIEW IF EXISTS `sqlmaas_gelir_kesinti`;
-- VIEW bağımlılık sorunlarını çözmek için geçici tablolar oluşturuluyor
CREATE TABLE `sqlmaas_gelir_kesinti` (
	`id` INT(20) NOT NULL,
	`person_id` VARCHAR(1) NOT NULL COLLATE 'utf8mb4_general_ci',
	`turu` VARCHAR(1) NOT NULL COLLATE 'latin5_turkish_ci',
	`kategori` INT(11) NOT NULL,
	`ay` INT(11) NULL,
	`yil` INT(11) NULL,
	`person` VARCHAR(1) NOT NULL COLLATE 'utf8mb4_general_ci',
	`puantaj_turu` VARCHAR(1) NULL COLLATE 'utf8mb4_general_ci',
	`gun` VARCHAR(1) NULL COLLATE 'utf8mb4_general_ci',
	`saat` VARCHAR(1) NULL COLLATE 'utf8mb4_general_ci',
	`tutar` DECIMAL(20,2) NULL,
	`aciklama` VARCHAR(1) NOT NULL COLLATE 'latin5_turkish_ci',
	`created_at` VARCHAR(1) NOT NULL COLLATE 'utf8mb4_general_ci'
) ENGINE=MyISAM;

-- tablo yapısı dökülüyor mbeyazil_puantoryeni.userroles
DROP TABLE IF EXISTS `userroles`;
CREATE TABLE IF NOT EXISTS `userroles` (
  `id` int(25) NOT NULL AUTO_INCREMENT,
  `firm_id` int(25) NOT NULL DEFAULT 0,
  `roleName` varchar(255) NOT NULL,
  `roleDescription` varchar(255) NOT NULL,
  `isActive` int(1) NOT NULL,
  `main_role` int(1) NOT NULL,
  PRIMARY KEY (`id`)
) ENGINE=InnoDB AUTO_INCREMENT=12 DEFAULT CHARSET=utf8mb4 COLLATE=utf8mb4_general_ci;

-- mbeyazil_puantoryeni.userroles: ~4 rows (yaklaşık) tablosu için veriler indiriliyor
DELETE FROM `userroles`;
INSERT INTO `userroles` (`id`, `firm_id`, `roleName`, `roleDescription`, `isActive`, `main_role`) VALUES
	(8, 8, 'Admin', '', 0, 1),
	(9, 9, 'Admin', '', 0, 1),
	(10, 10, 'Admin', '', 0, 1),
	(11, 11, 'Admin', '', 0, 1);

-- tablo yapısı dökülüyor mbeyazil_puantoryeni.users
DROP TABLE IF EXISTS `users`;
CREATE TABLE IF NOT EXISTS `users` (
  `id` int(11) NOT NULL AUTO_INCREMENT,
  `user_type` int(11) DEFAULT 1,
  `parent_id` int(11) NOT NULL DEFAULT 0,
  `firm_id` int(11) NOT NULL DEFAULT 0,
  `full_name` varchar(255) NOT NULL,
  `email` varchar(255) NOT NULL,
  `password` varchar(255) NOT NULL,
  `phone` varchar(20) DEFAULT NULL,
  `job` varchar(50) DEFAULT NULL,
  `title` varchar(50) DEFAULT NULL,
  `user_roles` int(11) DEFAULT NULL,
  `status` int(11) DEFAULT NULL,
  `is_main_user` int(1) DEFAULT NULL,
  `sicil_no` varchar(50) DEFAULT NULL,
  `yetkinlik_no` varchar(50) DEFAULT NULL,
  `session_token` varchar(90) DEFAULT NULL,
  `remember_token` int(11) DEFAULT NULL,
  `activate_token` varchar(90) DEFAULT NULL,
  `created_at` timestamp NOT NULL DEFAULT current_timestamp(),
  PRIMARY KEY (`id`),
  UNIQUE KEY `email` (`email`,`firm_id`) USING BTREE
) ENGINE=InnoDB AUTO_INCREMENT=11 DEFAULT CHARSET=utf8mb4 COLLATE=utf8mb4_general_ci;

-- mbeyazil_puantoryeni.users: ~1 rows (yaklaşık) tablosu için veriler indiriliyor
DELETE FROM `users`;
INSERT INTO `users` (`id`, `user_type`, `parent_id`, `firm_id`, `full_name`, `email`, `password`, `phone`, `job`, `title`, `user_roles`, `status`, `is_main_user`, `sicil_no`, `yetkinlik_no`, `session_token`, `remember_token`, `activate_token`, `created_at`) VALUES
	(10, 1, 0, 11, 'Mehmet Ali Gokmen', 'beyzade83@hotmail.com', '$2y$10$h.y5jjGUtJ1Os7xPboyW3exEcMpEFt/AgYZQtnw5uOqxvNn.6u6La', NULL, NULL, NULL, 11, 1, 1, NULL, NULL, 'dc02af6be0c56546d9051401805bbb41ff8d08d998d06105e99295ebd0b357ce', NULL, 'i1y1%2F3yoeAQBIkq4gl6bA4EGln5Vr5DBT%2FKpmMq%2FBNer3yDa0hk%3D', '2024-10-23 11:28:48');

-- Geçici tablolar temizlenerek final VIEW oluşturuluyor
DROP TABLE IF EXISTS `sqlmaas_gelir_kesinti`;
CREATE ALGORITHM=UNDEFINED SQL SECURITY DEFINER VIEW `sqlmaas_gelir_kesinti` AS SELECT 
    `puantaj`.`id` AS `id`,
    `puantaj`.`person` AS `person_id`,
    'Puantaj Çalışma' AS `turu`,
    5 AS `kategori`,
    MONTH(`puantaj`.`gun`) AS `ay`,
    YEAR(`puantaj`.`gun`) AS `yil`,
    `puantaj`.`person` AS `person`,
    `puantaj`.`puantaj_id` AS `puantaj_turu`,
    `puantaj`.`gun` AS `gun`,
    `puantaj`.`saat` AS `saat`,
    `puantaj`.`tutar` AS `tutar`,
    '' AS `aciklama`,
    `puantaj`.`created_at` AS `created_at`
FROM 
    `puantaj`

UNION ALL

SELECT 
    `maas_gelir_kesinti`.`id` AS `id`,
    `maas_gelir_kesinti`.`person_id` AS `person_id`,
    `maas_gelir_kesinti`.`turu` AS `turu`,
    `maas_gelir_kesinti`.`kategori` AS `kategori`,
    `maas_gelir_kesinti`.`ay` AS `ay`,
    `maas_gelir_kesinti`.`yil` AS `yil`,
    `maas_gelir_kesinti`.`person_id` AS `person_id`,
     '' AS `puantaj_turu`,
    `maas_gelir_kesinti`.`gun` AS `gun`,
    '' AS `saat`,
    `maas_gelir_kesinti`.`tutar` AS `tutar`,
    `maas_gelir_kesinti`.`aciklama` AS `aciklama`,
    `maas_gelir_kesinti`.`created_at` AS `created_at`
FROM 
    `maas_gelir_kesinti` ;

/*!40103 SET TIME_ZONE=IFNULL(@OLD_TIME_ZONE, 'system') */;
/*!40101 SET SQL_MODE=IFNULL(@OLD_SQL_MODE, '') */;
/*!40014 SET FOREIGN_KEY_CHECKS=IFNULL(@OLD_FOREIGN_KEY_CHECKS, 1) */;
/*!40101 SET CHARACTER_SET_CLIENT=@OLD_CHARACTER_SET_CLIENT */;
/*!40111 SET SQL_NOTES=IFNULL(@OLD_SQL_NOTES, 1) */;
